hood,muni,county,weighted_otp,route_count,stop_count,total_trips_7d,unweighted_otp,otp_gap,bus_weighted_otp,bus_route_count
Regent Square,"Pittsburgh city (Allegheny, PA)","Allegheny County, PA",0.587508489365712,4,10,3520,0.6412151680797262,-0.053706678714014244,0.587508489365712,4
Bluff,"Pittsburgh city (Allegheny, PA)","Allegheny County, PA",0.5921432745343042,16,27,24028,0.6222298884109155,-0.03008661387661138,0.5921432745343042,16
Crawford-Roberts,"Pittsburgh city (Allegheny, PA)","Allegheny County, PA",0.61411064391953,7,41,24814,0.6087374291591453,0.005373214760384659,0.61411064391953,7
Squirrel Hill North,"Pittsburgh city (Allegheny, PA)","Allegheny County, PA",0.6159629448324648,12,76,48226,0.6185044127730434,-0.0025414679405785234,0.6159629448324648,12
Highland Park,"Pittsburgh city (Allegheny, PA)","Allegheny County, PA",0.6194717967955042,5,24,10002,0.6478766676461946,-0.028404870850690322,0.6194717967955042,5
Point Breeze,"Pittsburgh city (Allegheny, PA)","Allegheny County, PA",0.6194844439001453,11,39,15202,0.6354140535864407,-0.01592960968629531,0.6194844439001453,11
Homewood North,"Pittsburgh city (Allegheny, PA)","Allegheny County, PA",0.6235288889596933,5,30,6539,0.6282040023508669,-0.0046751133911736575,0.6235288889596933,5
Homewood West,"Pittsburgh city (Allegheny, PA)","Allegheny County, PA",0.6253005748186214,6,21,7646,0.6304752791654423,-0.00517470434682088,0.6253005748186214,6
Middle Hill,"Pittsburgh city (Allegheny, PA)","Allegheny County, PA",0.6273681139948044,3,26,8668,0.6437443628171221,-0.016376248822317696,0.6273681139948044,3
Friendship,"Pittsburgh city (Allegheny, PA)","Allegheny County, PA",0.6298008349878214,8,15,8616,0.6307751854980899,-0.0009743505102685068,0.6298008349878214,8
West Oakland,"Pittsburgh city (Allegheny, PA)","Allegheny County, PA",0.6309157426913456,18,33,34734,0.6401795188885624,-0.009263776197216744,0.6309157426913456,18
Squirrel Hill South,"Pittsburgh city (Allegheny, PA)","Allegheny County, PA",0.6310207225345217,11,72,35713,0.6372638558009652,-0.006243133266443546,0.6310207225345217,11
Central Oakland,"Pittsburgh city (Allegheny, PA)","Allegheny County, PA",0.6319172736409622,19,12,18002,0.6388576598697362,-0.00694038622877402,0.6319172736409622,19
East Liberty,"Pittsburgh city (Allegheny, PA)","Allegheny County, PA",0.6335939433502249,11,63,39567,0.6383034488285737,-0.004709505478348808,0.6335939433502249,11
Greenfield,"Pittsburgh city (Allegheny, PA)","Allegheny County, PA",0.6341950297038293,8,71,23750,0.6405580816264154,-0.006363051922586016,0.6341950297038293,8
North Oakland,"Pittsburgh city (Allegheny, PA)","Allegheny County, PA",0.6389303600209999,20,46,58001,0.6344451491331178,0.004485210887882118,0.6389303600209999,20
Upper Hill,"Pittsburgh city (Allegheny, PA)","Allegheny County, PA",0.6397092177231016,2,22,4712,0.6310430502497796,0.00866616747332205,0.6397092177231016,2
South Oakland,"Pittsburgh city (Allegheny, PA)","Allegheny County, PA",0.6401445082884363,21,23,18643,0.6410568156136397,-0.0009123073252034208,0.6401445082884363,21
Point Breeze North,"Pittsburgh city (Allegheny, PA)","Allegheny County, PA",0.6412117734575848,19,17,9084,0.6740780454008303,-0.03286627194324543,0.6412117734575848,19
Lincoln-Lemington-Belmar,"Pittsburgh city (Allegheny, PA)","Allegheny County, PA",0.6416745129946209,8,86,26881,0.6573446609609168,-0.015670147966295955,0.6416745129946209,8
Terrace Village,"Pittsburgh city (Allegheny, PA)","Allegheny County, PA",0.646646417824646,3,35,7847,0.6437443628171221,0.0029020550075239404,0.646646417824646,3
Bloomfield,"Pittsburgh city (Allegheny, PA)","Allegheny County, PA",0.6509317305004454,11,92,37426,0.6564565423556755,-0.005524811855230127,0.6509317305004454,11
Larimer,"Pittsburgh city (Allegheny, PA)","Allegheny County, PA",0.6509377647605751,23,52,20640,0.6702736853860594,-0.019335920625484282,0.6509377647605751,23
Strip District,"Pittsburgh city (Allegheny, PA)","Allegheny County, PA",0.6512412433590501,5,23,21419,0.65220269174258,-0.0009614483835299614,0.6512412433590501,5
Shadyside,"Pittsburgh city (Allegheny, PA)","Allegheny County, PA",0.6521960516730257,26,76,47161,0.6665175278767771,-0.014321476203751349,0.6521960516730257,26
Homewood South,"Pittsburgh city (Allegheny, PA)","Allegheny County, PA",0.6525650788569157,15,42,14740,0.6798424798017726,-0.027277400944856867,0.6525650788569157,15
Lower Lawrenceville,"Pittsburgh city (Allegheny, PA)","Allegheny County, PA",0.653922704228483,7,35,15517,0.6574466038369505,-0.003523899608467551,0.653922704228483,7
Central Lawrenceville,"Pittsburgh city (Allegheny, PA)","Allegheny County, PA",0.6541234895303851,6,28,12100,0.6622320819864825,-0.008108592456097408,0.6541234895303851,6
Bedford Dwellings,"Pittsburgh city (Allegheny, PA)","Allegheny County, PA",0.6541397590361445,1,11,1980,0.6541397590361445,0.0,0.6541397590361445,1
Upper Lawrenceville,"Pittsburgh city (Allegheny, PA)","Allegheny County, PA",0.6569558945768097,3,25,11336,0.6608691448721716,-0.003913250295361936,0.6569558945768097,3
Lincoln Place,"Pittsburgh city (Allegheny, PA)","Allegheny County, PA",0.6571831634284628,2,25,4080,0.6561938436673523,0.0009893197611104965,0.6571831634284628,2
Hazelwood,"Pittsburgh city (Allegheny, PA)","Allegheny County, PA",0.6574515417447228,10,69,16596,0.6448362243372768,0.012615317407445925,0.6574515417447228,10
Glen Hazel,"Pittsburgh city (Allegheny, PA)","Allegheny County, PA",0.6611101384979169,2,17,4815,0.6610704819277109,0.00003965657020599256,0.6611101384979169,2
New Homestead,"Pittsburgh city (Allegheny, PA)","Allegheny County, PA",0.6623096385542169,1,4,632,0.6623096385542169,0.0,0.6623096385542169,1
Hays,"Pittsburgh city (Allegheny, PA)","Allegheny County, PA",0.6623096385542169,1,7,1106,0.6623096385542169,0.0,0.6623096385542169,1
East Hills,"Pittsburgh city (Allegheny, PA)","Allegheny County, PA",0.6649461070656095,5,41,9022,0.6483425389362327,0.0166035681293768,0.6649461070656095,5
Stanton Heights,"Pittsburgh city (Allegheny, PA)","Allegheny County, PA",0.6692850553405016,3,24,4164,0.6814685473601724,-0.012183492019670727,0.6692850553405016,3
Polish Hill,"Pittsburgh city (Allegheny, PA)","Allegheny County, PA",0.6718306276234984,18,23,7919,0.666785936126318,0.0050446914971804535,0.6718306276234984,18
East Carnegie,"Pittsburgh city (Allegheny, PA)","Allegheny County, PA",0.6748740740740741,1,4,676,0.6748740740740741,0.0,0.6748740740740741,1
Westwood,"Pittsburgh city (Allegheny, PA)","Allegheny County, PA",0.6769044312494761,2,21,3387,0.6944104938271605,-0.01750606257768439,0.6769044312494761,2
Garfield,"Pittsburgh city (Allegheny, PA)","Allegheny County, PA",0.6793682392828592,4,35,6882,0.6713839406406112,0.007984298642247922,0.6793682392828592,4
Morningside,"Pittsburgh city (Allegheny, PA)","Allegheny County, PA",0.6834458226475639,2,36,10267,0.6818392594769321,0.0016065631706317918,0.6834458226475639,2
Knoxville,"Pittsburgh city (Allegheny, PA)","Allegheny County, PA",0.6912382053993941,4,29,7134,0.7073924661144578,-0.016154260715063762,0.6912382053993941,4
East Allegheny,"Pittsburgh city (Allegheny, PA)","Allegheny County, PA",0.6952653699786341,11,28,12657,0.6937995244837443,0.001465845494889817,0.6952653699786341,11
Marshall-Shadeland,"Pittsburgh city (Allegheny, PA)","Allegheny County, PA",0.6955869437324317,4,43,11577,0.712803787099618,-0.01721684336718632,0.6955869437324317,4
Swisshelm Park,"Pittsburgh city (Allegheny, PA)","Allegheny County, PA",0.6965384217002691,2,3,165,0.6953158783281272,0.0012225433721418932,0.6965384217002691,2
Allegheny Center,"Pittsburgh city (Allegheny, PA)","Allegheny County, PA",0.6975530262335264,13,27,22289,0.6967911639051516,0.0007618623283748294,0.6975530262335264,13
Central Business District,"Pittsburgh city (Allegheny, PA)","Allegheny County, PA",0.7012162626770866,74,70,85641,0.6908535607105907,0.010362701966495913,0.6880237258780711,71
Oakwood,"Pittsburgh city (Allegheny, PA)","Allegheny County, PA",0.7019801819485733,5,9,2182,0.7169090904539568,-0.014928908505383531,0.7019801819485733,5
South Side Flats,"Pittsburgh city (Allegheny, PA)","Allegheny County, PA",0.7049371052491906,6,44,27467,0.6882100401606426,0.016727065088548043,0.7049371052491906,6
Brighton Heights,"Pittsburgh city (Allegheny, PA)","Allegheny County, PA",0.7058870231373684,5,53,16734,0.7023023067881281,0.003584716349240291,0.7058870231373684,5
Summer Hill,"Pittsburgh city (Allegheny, PA)","Allegheny County, PA",0.708249090774513,7,23,5046,0.6950196213425129,0.013229469432000096,0.708249090774513,7
South Side Slopes,"Pittsburgh city (Allegheny, PA)","Allegheny County, PA",0.708741460148697,4,39,19143,0.7283126995481928,-0.019571239399495788,0.708741460148697,4
California-Kirkbride,"Pittsburgh city (Allegheny, PA)","Allegheny County, PA",0.7090490440216882,5,16,6684,0.7073707405230679,0.0016783034986203038,0.7090490440216882,5
Northview Heights,"Pittsburgh city (Allegheny, PA)","Allegheny County, PA",0.7099750265674815,2,22,4705,0.6896981927710844,0.02027683379639711,0.7099750265674815,2
Carrick,"Pittsburgh city (Allegheny, PA)","Allegheny County, PA",0.7105361272679406,5,44,21242,0.7719364741930687,-0.06140034692512808,0.7034964858568452,3
Esplen,"Pittsburgh city (Allegheny, PA)","Allegheny County, PA",0.7139341328715265,4,9,5142,0.713739575692109,0.0001945571794175205,0.7139341328715265,4
Ridgemont,"Pittsburgh city (Allegheny, PA)","Allegheny County, PA",0.713946913580247,1,2,176,0.713946913580247,0.0,0.713946913580247,1
Spring Garden,"Pittsburgh city (Allegheny, PA)","Allegheny County, PA",0.7142080062184222,2,26,1178,0.716132530120482,-0.0019245239020597715,0.7142080062184222,2
Spring Hill-City View,"Pittsburgh city (Allegheny, PA)","Allegheny County, PA",0.7148746509862519,2,32,7031,0.6896981927710844,0.025176458215167563,0.7148746509862519,2
Central Northside,"Pittsburgh city (Allegheny, PA)","Allegheny County, PA",0.72093404302719,8,16,9978,0.7316890923449897,-0.010755049317799692,0.72093404302719,8
Troy Hill,"Pittsburgh city (Allegheny, PA)","Allegheny County, PA",0.7239676143382076,4,34,5085,0.6673006281222451,0.056666986215962445,0.7239676143382076,4
Mt. Oliver,"Pittsburgh city (Allegheny, PA)","Allegheny County, PA",0.72646625,1,10,1295,0.72646625,0.0,0.72646625,1
St. Clair,"Pittsburgh city (Allegheny, PA)","Allegheny County, PA",0.72646625,1,3,256,0.72646625,0.0,0.72646625,1
Manchester,"Pittsburgh city (Allegheny, PA)","Allegheny County, PA",0.7265024750524574,4,27,6207,0.7553718593887746,-0.02886938433631725,0.7265024750524574,4
South Shore,"Pittsburgh city (Allegheny, PA)","Allegheny County, PA",0.7279449974545837,21,12,14185,0.7340786124665998,-0.006133615012016036,0.7279449974545837,21
Perry South,"Pittsburgh city (Allegheny, PA)","Allegheny County, PA",0.7301035996893985,5,64,19457,0.7179080899206582,0.012195509768740287,0.7301035996893985,5
Beltzhoover,"Pittsburgh city (Allegheny, PA)","Allegheny County, PA",0.7313492905720669,6,39,7638,0.7727280181528583,-0.04137872758079142,0.7130612043133187,4
West End,"Pittsburgh city (Allegheny, PA)","Allegheny County, PA",0.7321388413464062,5,13,3294,0.7257171882716049,0.006421653074801248,0.7321388413464062,5
Banksville,"Pittsburgh city (Allegheny, PA)","Allegheny County, PA",0.7328187500000001,1,13,1508,0.7328187500000001,0.0,0.7328187500000001,1
Perry North,"Pittsburgh city (Allegheny, PA)","Allegheny County, PA",0.7367806987777873,4,36,15239,0.7148701807228915,0.021910518054895745,0.7367806987777873,4
Elliott,"Pittsburgh city (Allegheny, PA)","Allegheny County, PA",0.7440893863033027,12,21,7364,0.7232723923951602,0.02081699390814251,0.7440893863033027,12
North Shore,"Pittsburgh city (Allegheny, PA)","Allegheny County, PA",0.7448523769530591,17,9,9726,0.7213231833612681,0.023529193591790953,0.7065566073812345,14
Crafton Heights,"Pittsburgh city (Allegheny, PA)","Allegheny County, PA",0.7465510357980704,4,28,6315,0.7286597569444444,0.017891278853625958,0.7465510357980704,4
Allegheny West,"Pittsburgh city (Allegheny, PA)","Allegheny County, PA",0.7481900797997184,2,11,1540,0.7756530120481928,-0.027462932248474403,0.7481900797997184,2
Arlington-Arlington Heights,"Pittsburgh city (Allegheny, PA)","Allegheny County, PA",0.7499313253012049,1,8,1992,0.7499313253012049,0.0,0.7499313253012049,1
Bon Air,"Pittsburgh city (Allegheny, PA)","Allegheny County, PA",0.7527526662778753,3,13,2185,0.7881772612053152,-0.03542459492743988,0.6672096385542169,1
Allentown,"Pittsburgh city (Allegheny, PA)","Allegheny County, PA",0.7541561720567705,5,19,4298,0.7348537710843374,0.019302400972433187,0.7541561720567705,5
Fineview,"Pittsburgh city (Allegheny, PA)","Allegheny County, PA",0.7557734939759037,1,11,1650,0.7557734939759037,0.0,0.7557734939759037,1
Duquesne Heights,"Pittsburgh city (Allegheny, PA)","Allegheny County, PA",0.7615112500000001,1,12,1974,0.7615112500000001,0.0,0.7615112500000001,1
Chateau,"Pittsburgh city (Allegheny, PA)","Allegheny County, PA",0.7667533921828714,3,19,2843,0.7692244979919679,-0.0024711058090964855,0.7667533921828714,3
Mount Washington,"Pittsburgh city (Allegheny, PA)","Allegheny County, PA",0.7787980216190902,10,95,18191,0.7778694034843077,0.0009286181347825107,0.7688656501567446,7
Fairywood,"Pittsburgh city (Allegheny, PA)","Allegheny County, PA",0.7843629629629628,1,9,1647,0.7843629629629629,-1.1102230246251565e-16,0.7843629629629628,1
Chartiers City,"Pittsburgh city (Allegheny, PA)","Allegheny County, PA",0.7843629629629629,1,6,1098,0.7843629629629629,0.0,0.7843629629629629,1
Windgap,"Pittsburgh city (Allegheny, PA)","Allegheny County, PA",0.7886454475617902,2,19,3493,0.7943621064814814,-0.005716658919691198,0.7886454475617902,2
Sheraden,"Pittsburgh city (Allegheny, PA)","Allegheny County, PA",0.7902601476314554,6,43,9905,0.7497325985264455,0.040527549105009886,0.7902601476314554,6
Brookline,"Pittsburgh city (Allegheny, PA)","Allegheny County, PA",0.7917148009708954,4,61,12457,0.8126289583333334,-0.020914157362437957,0.7865803651358544,2
Beechview,"Pittsburgh city (Allegheny, PA)","Allegheny County, PA",0.8070230380887452,3,27,7008,0.774742829218107,0.032280208870638205,0.7547167297979798,2
Overbrook,"Pittsburgh city (Allegheny, PA)","Allegheny County, PA",0.8392013141829296,3,3,1226,0.8289090277777778,0.010292286405151896,0.789404938271605,1
