hood,muni,county,bus_weighted_otp,bus_route_count
Regent Square,"Pittsburgh city (Allegheny, PA)","Allegheny County, PA",0.587508489365712,4
Bluff,"Pittsburgh city (Allegheny, PA)","Allegheny County, PA",0.5921432745343042,16
Crawford-Roberts,"Pittsburgh city (Allegheny, PA)","Allegheny County, PA",0.61411064391953,7
Squirrel Hill North,"Pittsburgh city (Allegheny, PA)","Allegheny County, PA",0.6159629448324648,12
Highland Park,"Pittsburgh city (Allegheny, PA)","Allegheny County, PA",0.6194717967955042,5
Point Breeze,"Pittsburgh city (Allegheny, PA)","Allegheny County, PA",0.6194844439001453,11
Homewood North,"Pittsburgh city (Allegheny, PA)","Allegheny County, PA",0.6235288889596933,5
Homewood West,"Pittsburgh city (Allegheny, PA)","Allegheny County, PA",0.6253005748186214,6
Middle Hill,"Pittsburgh city (Allegheny, PA)","Allegheny County, PA",0.6273681139948044,3
Friendship,"Pittsburgh city (Allegheny, PA)","Allegheny County, PA",0.6298008349878214,8
West Oakland,"Pittsburgh city (Allegheny, PA)","Allegheny County, PA",0.6309157426913456,18
Squirrel Hill South,"Pittsburgh city (Allegheny, PA)","Allegheny County, PA",0.6310207225345217,11
Central Oakland,"Pittsburgh city (Allegheny, PA)","Allegheny County, PA",0.6319172736409622,19
East Liberty,"Pittsburgh city (Allegheny, PA)","Allegheny County, PA",0.6335939433502249,11
Greenfield,"Pittsburgh city (Allegheny, PA)","Allegheny County, PA",0.6341950297038293,8
North Oakland,"Pittsburgh city (Allegheny, PA)","Allegheny County, PA",0.6389303600209999,20
Upper Hill,"Pittsburgh city (Allegheny, PA)","Allegheny County, PA",0.6397092177231016,2
South Oakland,"Pittsburgh city (Allegheny, PA)","Allegheny County, PA",0.6401445082884363,21
Point Breeze North,"Pittsburgh city (Allegheny, PA)","Allegheny County, PA",0.6412117734575848,19
Lincoln-Lemington-Belmar,"Pittsburgh city (Allegheny, PA)","Allegheny County, PA",0.6416745129946209,8
Terrace Village,"Pittsburgh city (Allegheny, PA)","Allegheny County, PA",0.646646417824646,3
Bloomfield,"Pittsburgh city (Allegheny, PA)","Allegheny County, PA",0.6509317305004454,11
Larimer,"Pittsburgh city (Allegheny, PA)","Allegheny County, PA",0.6509377647605751,23
Strip District,"Pittsburgh city (Allegheny, PA)","Allegheny County, PA",0.6512412433590501,5
Shadyside,"Pittsburgh city (Allegheny, PA)","Allegheny County, PA",0.6521960516730257,26
Homewood South,"Pittsburgh city (Allegheny, PA)","Allegheny County, PA",0.6525650788569157,15
Lower Lawrenceville,"Pittsburgh city (Allegheny, PA)","Allegheny County, PA",0.653922704228483,7
Central Lawrenceville,"Pittsburgh city (Allegheny, PA)","Allegheny County, PA",0.6541234895303851,6
Bedford Dwellings,"Pittsburgh city (Allegheny, PA)","Allegheny County, PA",0.6541397590361445,1
Upper Lawrenceville,"Pittsburgh city (Allegheny, PA)","Allegheny County, PA",0.6569558945768097,3
Lincoln Place,"Pittsburgh city (Allegheny, PA)","Allegheny County, PA",0.6571831634284628,2
Hazelwood,"Pittsburgh city (Allegheny, PA)","Allegheny County, PA",0.6574515417447228,10
Glen Hazel,"Pittsburgh city (Allegheny, PA)","Allegheny County, PA",0.6611101384979169,2
Hays,"Pittsburgh city (Allegheny, PA)","Allegheny County, PA",0.6623096385542169,1
New Homestead,"Pittsburgh city (Allegheny, PA)","Allegheny County, PA",0.6623096385542169,1
East Hills,"Pittsburgh city (Allegheny, PA)","Allegheny County, PA",0.6649461070656095,5
Bon Air,"Pittsburgh city (Allegheny, PA)","Allegheny County, PA",0.6672096385542169,1
Stanton Heights,"Pittsburgh city (Allegheny, PA)","Allegheny County, PA",0.6692850553405016,3
Polish Hill,"Pittsburgh city (Allegheny, PA)","Allegheny County, PA",0.6718306276234984,18
East Carnegie,"Pittsburgh city (Allegheny, PA)","Allegheny County, PA",0.6748740740740741,1
Westwood,"Pittsburgh city (Allegheny, PA)","Allegheny County, PA",0.6769044312494761,2
Garfield,"Pittsburgh city (Allegheny, PA)","Allegheny County, PA",0.6793682392828592,4
Morningside,"Pittsburgh city (Allegheny, PA)","Allegheny County, PA",0.6834458226475639,2
Central Business District,"Pittsburgh city (Allegheny, PA)","Allegheny County, PA",0.6880237258780711,71
Knoxville,"Pittsburgh city (Allegheny, PA)","Allegheny County, PA",0.6912382053993941,4
East Allegheny,"Pittsburgh city (Allegheny, PA)","Allegheny County, PA",0.6952653699786341,11
Marshall-Shadeland,"Pittsburgh city (Allegheny, PA)","Allegheny County, PA",0.6955869437324317,4
Swisshelm Park,"Pittsburgh city (Allegheny, PA)","Allegheny County, PA",0.6965384217002691,2
Allegheny Center,"Pittsburgh city (Allegheny, PA)","Allegheny County, PA",0.6975530262335264,13
Oakwood,"Pittsburgh city (Allegheny, PA)","Allegheny County, PA",0.7019801819485733,5
Carrick,"Pittsburgh city (Allegheny, PA)","Allegheny County, PA",0.7034964858568452,3
South Side Flats,"Pittsburgh city (Allegheny, PA)","Allegheny County, PA",0.7049371052491906,6
Brighton Heights,"Pittsburgh city (Allegheny, PA)","Allegheny County, PA",0.7058870231373684,5
North Shore,"Pittsburgh city (Allegheny, PA)","Allegheny County, PA",0.7065566073812345,14
Summer Hill,"Pittsburgh city (Allegheny, PA)","Allegheny County, PA",0.708249090774513,7
South Side Slopes,"Pittsburgh city (Allegheny, PA)","Allegheny County, PA",0.708741460148697,4
California-Kirkbride,"Pittsburgh city (Allegheny, PA)","Allegheny County, PA",0.7090490440216882,5
Northview Heights,"Pittsburgh city (Allegheny, PA)","Allegheny County, PA",0.7099750265674815,2
Beltzhoover,"Pittsburgh city (Allegheny, PA)","Allegheny County, PA",0.7130612043133187,4
Esplen,"Pittsburgh city (Allegheny, PA)","Allegheny County, PA",0.7139341328715265,4
Ridgemont,"Pittsburgh city (Allegheny, PA)","Allegheny County, PA",0.713946913580247,1
Spring Garden,"Pittsburgh city (Allegheny, PA)","Allegheny County, PA",0.7142080062184222,2
Spring Hill-City View,"Pittsburgh city (Allegheny, PA)","Allegheny County, PA",0.7148746509862519,2
Central Northside,"Pittsburgh city (Allegheny, PA)","Allegheny County, PA",0.72093404302719,8
Troy Hill,"Pittsburgh city (Allegheny, PA)","Allegheny County, PA",0.7239676143382076,4
Mt. Oliver,"Pittsburgh city (Allegheny, PA)","Allegheny County, PA",0.72646625,1
St. Clair,"Pittsburgh city (Allegheny, PA)","Allegheny County, PA",0.72646625,1
Manchester,"Pittsburgh city (Allegheny, PA)","Allegheny County, PA",0.7265024750524574,4
South Shore,"Pittsburgh city (Allegheny, PA)","Allegheny County, PA",0.7279449974545837,21
Perry South,"Pittsburgh city (Allegheny, PA)","Allegheny County, PA",0.7301035996893985,5
West End,"Pittsburgh city (Allegheny, PA)","Allegheny County, PA",0.7321388413464062,5
Banksville,"Pittsburgh city (Allegheny, PA)","Allegheny County, PA",0.7328187500000001,1
Perry North,"Pittsburgh city (Allegheny, PA)","Allegheny County, PA",0.7367806987777873,4
Elliott,"Pittsburgh city (Allegheny, PA)","Allegheny County, PA",0.7440893863033027,12
Crafton Heights,"Pittsburgh city (Allegheny, PA)","Allegheny County, PA",0.7465510357980704,4
Allegheny West,"Pittsburgh city (Allegheny, PA)","Allegheny County, PA",0.7481900797997184,2
Arlington-Arlington Heights,"Pittsburgh city (Allegheny, PA)","Allegheny County, PA",0.7499313253012049,1
Allentown,"Pittsburgh city (Allegheny, PA)","Allegheny County, PA",0.7541561720567705,5
Beechview,"Pittsburgh city (Allegheny, PA)","Allegheny County, PA",0.7547167297979798,2
Fineview,"Pittsburgh city (Allegheny, PA)","Allegheny County, PA",0.7557734939759037,1
Duquesne Heights,"Pittsburgh city (Allegheny, PA)","Allegheny County, PA",0.7615112500000001,1
Chateau,"Pittsburgh city (Allegheny, PA)","Allegheny County, PA",0.7667533921828714,3
Mount Washington,"Pittsburgh city (Allegheny, PA)","Allegheny County, PA",0.7688656501567446,7
Fairywood,"Pittsburgh city (Allegheny, PA)","Allegheny County, PA",0.7843629629629628,1
Chartiers City,"Pittsburgh city (Allegheny, PA)","Allegheny County, PA",0.7843629629629629,1
Brookline,"Pittsburgh city (Allegheny, PA)","Allegheny County, PA",0.7865803651358544,2
Windgap,"Pittsburgh city (Allegheny, PA)","Allegheny County, PA",0.7886454475617902,2
Overbrook,"Pittsburgh city (Allegheny, PA)","Allegheny County, PA",0.789404938271605,1
Sheraden,"Pittsburgh city (Allegheny, PA)","Allegheny County, PA",0.7902601476314554,6
