geoid,weighted_otp,route_count,stop_count,total_trips_7d,unweighted_otp,primary_muni,primary_county,population,median_household_income,households_total,households_zero_vehicle,pop_white_nh,pop_black_nh,pop_asian_nh,pop_hispanic,otp_gap,pct_zero_vehicle,pct_nonwhite,label,bus_weighted_otp,bus_route_count
42003523300,0.571441670904647,3,24,3909,0.5972678714859437,"Penn Hills township (Allegheny, PA)","Allegheny County, PA",3926,74740.0,1707,133,2179,1566,0,71,-0.0258262005812967,0.07791446983011131,0.4449821701477331,"Penn Hills township (Allegheny, PA) 523300",0.571441670904647,3
42003526202,0.5716416172281316,2,25,2305,0.5978216867469879,"Plum borough (Allegheny, PA)","Allegheny County, PA",4591,95438.0,1840,122,3591,394,221,53,-0.02618006951885632,0.06630434782608696,0.21781746896101062,"Plum borough (Allegheny, PA) 526202",0.5716416172281316,2
42003523702,0.5772782386523958,2,42,3117,0.5978216867469879,"Penn Hills township (Allegheny, PA)","Allegheny County, PA",5198,55532.0,2498,519,3323,1735,0,53,-0.020543448094592076,0.2077662129703763,0.3607156598691804,"Penn Hills township (Allegheny, PA) 523702",0.5772782386523958,2
42003526201,0.5777734939759036,2,6,480,0.5978216867469879,"Plum borough (Allegheny, PA)","Allegheny County, PA",3633,85903.0,1365,74,3450,24,0,9,-0.020048192771084272,0.054212454212454214,0.05037159372419486,"Plum borough (Allegheny, PA) 526201",0.5777734939759036,2
42003523501,0.5783364846343967,2,26,2101,0.5978216867469879,"Penn Hills township (Allegheny, PA)","Allegheny County, PA",4090,64219.0,1729,61,1633,1989,35,321,-0.019485202112591193,0.035280508964719494,0.6007334963325184,"Penn Hills township (Allegheny, PA) 523501",0.5783364846343967,2
42003523400,0.585415181803447,2,22,2230,0.5978216867469879,"Penn Hills township (Allegheny, PA)","Allegheny County, PA",5016,57966.0,2362,228,3172,1394,0,8,-0.012406504943540897,0.09652836579170194,0.36762360446570974,"Penn Hills township (Allegheny, PA) 523400",0.585415181803447,2
42003010302,0.5864096125006023,11,22,21477,0.6090102012715394,"Pittsburgh city (Allegheny, PA)","Allegheny County, PA",4631,49375.0,322,96,3283,678,204,269,-0.02260058877093707,0.2981366459627329,0.29108183977542645,"Pittsburgh city (Allegheny, PA) 10302",0.5864096125006023,11
42003981100,0.5870956138278605,2,1,765,0.5871144578313252,"Pittsburgh city (Allegheny, PA)","Allegheny County, PA",0,,0,0,0,0,0,0,-0.00001884400346474635,NaN,NaN,"Pittsburgh city (Allegheny, PA) 981100",0.5870956138278605,2
42003523200,0.5930341528081225,4,39,5628,0.6382942513958272,"Penn Hills township (Allegheny, PA)","Allegheny County, PA",4040,41647.0,1791,264,1303,2191,7,16,-0.045260098587704634,0.1474036850921273,0.6774752475247525,"Penn Hills township (Allegheny, PA) 523200",0.5930341528081225,4
42003523502,0.596078365636459,2,27,920,0.5978216867469879,"Penn Hills township (Allegheny, PA)","Allegheny County, PA",1446,58854.0,763,105,880,420,0,13,-0.0017433211105288837,0.13761467889908258,0.39142461964038733,"Penn Hills township (Allegheny, PA) 523502",0.596078365636459,2
42003525300,0.60510834767642,2,16,840,0.617039156626506,"Oakmont borough (Allegheny, PA)","Allegheny County, PA",2192,107583.0,1047,10,2074,4,0,33,-0.011930808950086025,0.009551098376313277,0.053832116788321116,"Oakmont borough (Allegheny, PA) 525300",0.60510834767642,2
42003140100,0.6052435878112342,10,29,26431,0.6084259050837496,"Pittsburgh city (Allegheny, PA)","Allegheny County, PA",6118,124444.0,1042,165,3980,428,1161,318,-0.003182317272515389,0.15834932821497122,0.34946060804184376,"Pittsburgh city (Allegheny, PA) 140100",0.6052435878112342,10
42003515200,0.6060539952915107,2,2,870,0.6534933734939758,"Swissvale borough (Allegheny, PA)","Allegheny County, PA",2018,57487.0,1051,101,1267,402,31,69,-0.04743937820246513,0.0960989533777355,0.37215064420218036,"Swissvale borough (Allegheny, PA) 515200",0.6060539952915107,2
42003516200,0.6061319229222134,3,11,4403,0.662189156626506,"Edgewood borough (Allegheny, PA)","Allegheny County, PA",1688,96481.0,840,59,1314,137,101,58,-0.05605723370429261,0.07023809523809524,0.22156398104265407,"Edgewood borough (Allegheny, PA) 516200",0.6061319229222134,3
42003141200,0.606271846780607,8,33,12283,0.629548206284941,"Pittsburgh city (Allegheny, PA)","Allegheny County, PA",4081,119044.0,1835,122,3313,261,105,140,-0.023276359504334043,0.0664850136239782,0.18818916932124474,"Pittsburgh city (Allegheny, PA) 141200",0.606271846780607,8
42003508000,0.6063053804057124,2,24,3755,0.6240611886570673,"Wilmerding borough (Allegheny, PA)","Allegheny County, PA",1834,36161.0,856,242,1198,548,0,24,-0.01775580825135492,0.2827102803738318,0.346782988004362,"Wilmerding borough (Allegheny, PA) 508000",0.6063053804057124,2
42003521500,0.6065595607947739,3,39,4550,0.6097450191007935,"Monroeville municipality (Allegheny, PA)","Allegheny County, PA",4157,74800.0,1871,124,3484,199,263,78,-0.003185458306019573,0.06627471940138963,0.16189559778686557,"Monroeville municipality (Allegheny, PA) 521500",0.6065595607947739,3
42003515401,0.6073699982445632,3,18,3885,0.6582876939858199,"Swissvale borough (Allegheny, PA)","Allegheny County, PA",2171,79297.0,1026,39,1660,209,19,223,-0.05091769574125671,0.038011695906432746,0.23537540304007365,"Swissvale borough (Allegheny, PA) 515401",0.6073699982445632,3
42003521402,0.6078461344268425,2,1,165,0.6240611886570673,"Trafford borough (Allegheny, PA)","Allegheny County, PA",4008,110799.0,1431,50,2798,705,224,0,-0.016215054230224735,0.03494060097833683,0.3018962075848304,"Trafford borough (Allegheny, PA) 521402",0.6078461344268425,2
42129802200,0.6078461344268427,2,7,1155,0.6240611886570673,"Trafford borough (Westmoreland, PA)","Westmoreland County, PA",3206,57557.0,1378,110,2940,37,95,32,-0.016215054230224624,0.07982583454281568,0.08296943231441045,"Trafford borough (Westmoreland, PA) 802200",0.6078461344268427,2
42003520001,0.6079473653499013,2,18,2450,0.6417812151043197,"Wilkins township (Allegheny, PA)","Allegheny County, PA",3107,68304.0,1574,137,1986,889,0,0,-0.03383384975441839,0.08703939008894536,0.36079819761828125,"Wilkins township (Allegheny, PA) 520001",0.6079473653499013,2
42003522000,0.6079531203516605,2,3,485,0.6240611886570673,"Pitcairn borough (Allegheny, PA)","Allegheny County, PA",3084,35829.0,1379,233,1938,762,63,138,-0.016108068305406786,0.16896301667875271,0.3715953307392996,"Pitcairn borough (Allegheny, PA) 522000",0.6079531203516605,2
42003520002,0.6080082849691448,2,1,160,0.6240611886570673,"Wilkins township (Allegheny, PA)","Allegheny County, PA",3196,61375.0,1577,58,2084,824,0,61,-0.01605290368792245,0.03677869372225745,0.3479349186483104,"Wilkins township (Allegheny, PA) 520002",0.6080082849691448,2
42003513800,0.6080620230472086,3,29,11116,0.6213281124497991,"Braddock borough (Allegheny, PA)","Allegheny County, PA",1814,27212.0,732,305,275,1443,0,21,-0.013266089402590553,0.4166666666666667,0.8484013230429989,"Braddock borough (Allegheny, PA) 513800",0.6080620230472086,3
42003513000,0.6109750517098453,3,29,11976,0.6213281124497991,"North Braddock borough (Allegheny, PA)","Allegheny County, PA",2243,31321.0,1102,508,555,1401,37,0,-0.01035306073995379,0.46098003629764067,0.7525635309852876,"North Braddock borough (Allegheny, PA) 513000",0.6109750517098453,3
42003516100,0.6120270620032874,5,16,3950,0.6563699657890821,"Edgewood borough (Allegheny, PA)","Allegheny County, PA",1416,92069.0,719,21,1275,56,16,32,-0.04434290378579475,0.02920723226703755,0.09957627118644063,"Edgewood borough (Allegheny, PA) 516100",0.6120270620032874,5
42003560500,0.6134965230865659,4,14,3460,0.6412151680797262,"Wilkinsburg borough (Allegheny, PA)","Allegheny County, PA",2212,92056.0,1329,94,1868,46,172,98,-0.027718644993160346,0.07072987208427389,0.15551537070524413,"Wilkinsburg borough (Allegheny, PA) 560500",0.6134965230865659,4
42003030500,0.6141106439195301,7,41,24814,0.6087374291591453,"Pittsburgh city (Allegheny, PA)","Allegheny County, PA",3044,36932.0,1577,606,724,1821,216,135,0.00537321476038477,0.3842739378566899,0.7621550591327201,"Pittsburgh city (Allegheny, PA) 30500",0.6141106439195301,7
42003419000,0.6146187648117911,4,29,7138,0.6234162136350279,"Harmar township (Allegheny, PA)","Allegheny County, PA",3108,70569.0,1519,75,2928,80,8,67,-0.008797448823236742,0.04937458854509546,0.05791505791505791,"Harmar township (Allegheny, PA) 419000",0.6146187648117911,4
42003980100,0.6173239672453517,3,2,821,0.6252349397590361,"Pittsburgh city (Allegheny, PA)","Allegheny County, PA",0,,0,0,0,0,0,0,-0.007910972513684444,NaN,NaN,"Pittsburgh city (Allegheny, PA) 980100",0.6173239672453517,3
42003519000,0.6178109467364638,3,10,1548,0.6404935008325987,"Churchill borough (Allegheny, PA)","Allegheny County, PA",3127,102216.0,1311,7,2474,319,50,58,-0.022682554096134955,0.005339435545385202,0.20882635113527348,"Churchill borough (Allegheny, PA) 519000",0.6178109467364638,3
42003416000,0.6194018618762598,2,4,912,0.6297932706435498,"Springdale township (Allegheny, PA)","Allegheny County, PA",1475,58654.0,744,36,1394,0,11,26,-0.010391408767290056,0.04838709677419355,0.05491525423728816,"Springdale township (Allegheny, PA) 416000",0.6194018618762598,2
42003417100,0.6194018618762599,2,10,2280,0.6297932706435498,"Springdale borough (Allegheny, PA)","Allegheny County, PA",2131,68284.0,1050,76,1983,0,0,102,-0.010391408767289945,0.07238095238095238,0.06945096198967626,"Springdale borough (Allegheny, PA) 417100",0.6194018618762599,2
42003418000,0.6194018618762599,2,12,2736,0.6297932706435498,"Cheswick borough (Allegheny, PA)","Allegheny County, PA",1638,70132.0,760,27,1517,3,0,28,-0.010391408767289945,0.035526315789473684,0.07387057387057383,"Cheswick borough (Allegheny, PA) 418000",0.6194018618762599,2
42003417200,0.6194018618762599,2,11,2508,0.6297932706435498,"Springdale borough (Allegheny, PA)","Allegheny County, PA",1242,51477.0,584,128,1203,5,1,13,-0.010391408767289945,0.2191780821917808,0.03140096618357491,"Springdale borough (Allegheny, PA) 417200",0.6194018618762599,2
42003404000,0.6194018618762599,2,20,4560,0.6297932706435498,"East Deer township (Allegheny, PA)","Allegheny County, PA",1438,63000.0,642,42,1340,42,4,12,-0.010391408767289945,0.06542056074766354,0.06815020862308763,"East Deer township (Allegheny, PA) 404000",0.6194018618762599,2
42003521301,0.619603592073108,4,19,2808,0.6328212018806935,"Monroeville municipality (Allegheny, PA)","Allegheny County, PA",4311,75233.0,1976,206,3101,679,264,100,-0.013217609807585462,0.10425101214574899,0.28067733704476916,"Monroeville municipality (Allegheny, PA) 521301",0.619603592073108,4
42003070600,0.6201569894135859,4,13,7627,0.6352795841904203,"Pittsburgh city (Allegheny, PA)","Allegheny County, PA",2215,85909.0,1322,264,1780,16,231,96,-0.01512259477683442,0.19969742813918306,0.19638826185101577,"Pittsburgh city (Allegheny, PA) 70600",0.6201569894135859,4
42003130200,0.6202577755490388,3,12,3051,0.6145643941620139,"Pittsburgh city (Allegheny, PA)","Allegheny County, PA",1161,41667.0,352,58,154,981,0,0,0.0056933813870249095,0.16477272727272727,0.8673557278208441,"Pittsburgh city (Allegheny, PA) 130200",0.6202577755490388,3
42003403500,0.6217439322894587,2,30,3289,0.6297932706435498,"Tarentum borough (Allegheny, PA)","Allegheny County, PA",4328,41466.0,2188,490,3849,181,0,178,-0.008049338354091162,0.22394881170018283,0.11067467652495377,"Tarentum borough (Allegheny, PA) 403500",0.6217439322894587,2
42003486700,0.6253890443205555,4,25,9269,0.6623680722891566,"Duquesne city (Allegheny, PA)","Allegheny County, PA",2146,39662.0,946,499,965,686,0,3,-0.036979027968601086,0.5274841437632135,0.5503261882572228,"Duquesne city (Allegheny, PA) 486700",0.6253890443205555,4
42003130700,0.6256419190560891,7,39,11134,0.6342979744763024,"Pittsburgh city (Allegheny, PA)","Allegheny County, PA",2068,30518.0,1019,443,79,1930,0,59,-0.008656055420213304,0.43473994111874387,0.9617988394584139,"Pittsburgh city (Allegheny, PA) 130700",0.6256419190560891,7
42003140300,0.6260636836117817,8,28,10381,0.6192351399500441,"Pittsburgh city (Allegheny, PA)","Allegheny County, PA",3405,142738.0,1350,139,2598,85,418,162,0.006828543661737574,0.10296296296296296,0.2370044052863436,"Pittsburgh city (Allegheny, PA) 140300",0.6260636836117817,8
42003110200,0.6262562671026745,4,18,7601,0.6490699309432854,"Pittsburgh city (Allegheny, PA)","Allegheny County, PA",4054,96803.0,2035,169,2717,652,170,170,-0.022813663840610898,0.08304668304668304,0.3297977306364085,"Pittsburgh city (Allegheny, PA) 110200",0.6262562671026745,4
42003050100,0.6273681139948044,3,26,8668,0.6437443628171221,"Pittsburgh city (Allegheny, PA)","Allegheny County, PA",1561,30036.0,909,475,71,1450,0,3,-0.016376248822317696,0.5225522552255225,0.9545163356822549,"Pittsburgh city (Allegheny, PA) 50100",0.6273681139948044,3
42003515300,0.627619091476004,4,15,6447,0.6661546259110516,"Swissvale borough (Allegheny, PA)","Allegheny County, PA",1488,29612.0,905,198,806,532,64,36,-0.038535534435047536,0.21878453038674034,0.45833333333333337,"Swissvale borough (Allegheny, PA) 515300",0.627619091476004,4
42003141300,0.6277268066976347,8,24,13990,0.6279074130986457,"Pittsburgh city (Allegheny, PA)","Allegheny County, PA",5136,46530.0,2231,668,3647,86,1022,159,-0.00018060640101102976,0.29941730165844915,0.28991433021806856,"Pittsburgh city (Allegheny, PA) 141300",0.6277268066976347,8
42003140800,0.6277562602676564,8,33,11752,0.6279074130986457,"Pittsburgh city (Allegheny, PA)","Allegheny County, PA",4919,88922.0,1899,344,3697,380,513,157,-0.00015115283098932064,0.18114797261716692,0.24842447651961785,"Pittsburgh city (Allegheny, PA) 140800",0.6277562602676564,8
42003111500,0.6282893715564714,11,43,31834,0.6383034488285737,"Pittsburgh city (Allegheny, PA)","Allegheny County, PA",3228,39331.0,2050,739,1022,1653,461,27,-0.01001407727210235,0.36048780487804877,0.6833952912019827,"Pittsburgh city (Allegheny, PA) 111500",0.6282893715564714,11
42003484300,0.6287555899783447,4,15,5578,0.6456402953276521,"Munhall borough (Allegheny, PA)","Allegheny County, PA",3523,48841.0,1499,436,2281,1136,0,12,-0.016884705349307416,0.29086057371581053,0.35254044848140786,"Munhall borough (Allegheny, PA) 484300",0.6287555899783447,4
42003080700,0.6298008349878214,8,15,8616,0.6307751854980899,"Pittsburgh city (Allegheny, PA)","Allegheny County, PA",2034,45324.0,1243,459,1210,148,359,164,-0.0009743505102685068,0.3692679002413516,0.4051130776794494,"Pittsburgh city (Allegheny, PA) 80700",0.6298008349878214,8
42003427000,0.6298723221020869,2,11,1358,0.6243542682926829,"Millvale borough (Allegheny, PA)","Allegheny County, PA",3377,59250.0,1631,365,2967,262,10,30,0.0055180538094039555,0.22378908645003065,0.12140953509031682,"Millvale borough (Allegheny, PA) 427000",0.6298723221020869,2
42003425000,0.6301908544801613,4,28,5186,0.6436279349103732,"Etna borough (Allegheny, PA)","Allegheny County, PA",3413,46892.0,1656,321,2975,128,57,83,-0.013437080430211856,0.19384057971014493,0.128332845004395,"Etna borough (Allegheny, PA) 425000",0.6301908544801613,4
42003514000,0.6305865701319243,5,21,9439,0.6763215320541425,"Rankin borough (Allegheny, PA)","Allegheny County, PA",1837,29107.0,799,304,458,1194,0,93,-0.045734961922218154,0.3804755944931164,0.7506804572672836,"Rankin borough (Allegheny, PA) 514000",0.6305865701319243,5
42003040200,0.6309157426913456,18,33,34734,0.6401795188885624,"Pittsburgh city (Allegheny, PA)","Allegheny County, PA",1843,22667.0,434,165,947,493,284,53,-0.009263776197216744,0.38018433179723504,0.4861638632664135,"Pittsburgh city (Allegheny, PA) 40200",0.6309157426913456,18
42003040500,0.6319172736409622,19,12,18002,0.6388576598697361,"Pittsburgh city (Allegheny, PA)","Allegheny County, PA",2840,13750.0,1025,404,2342,79,251,88,-0.006940386228773909,0.39414634146341465,0.17535211267605633,"Pittsburgh city (Allegheny, PA) 40500",0.6319172736409622,19
42003140400,0.632009220228375,7,16,6071,0.632099131018849,"Pittsburgh city (Allegheny, PA)","Allegheny County, PA",2254,182287.0,895,17,1898,38,125,75,-0.00008991079047393491,0.01899441340782123,0.15794143744454303,"Pittsburgh city (Allegheny, PA) 140400",0.632009220228375,7
42003140200,0.6326552516977687,7,17,10252,0.6292273582133411,"Pittsburgh city (Allegheny, PA)","Allegheny County, PA",2468,62593.0,870,240,1733,46,454,92,0.0034278934844276243,0.27586206896551724,0.2978119935170178,"Pittsburgh city (Allegheny, PA) 140200",0.6326552516977687,7
42003151600,0.6326711099406767,5,20,5469,0.6416571239610656,"Pittsburgh city (Allegheny, PA)","Allegheny County, PA",2425,54917.0,1265,160,2018,145,121,77,-0.0089860140203889,0.12648221343873517,0.16783505154639178,"Pittsburgh city (Allegheny, PA) 151600",0.6326711099406767,5
42003562000,0.6336124290775431,7,23,12964,0.6561708198648252,"Pittsburgh city (Allegheny, PA)","Allegheny County, PA",2652,26604.0,1849,857,1345,409,755,118,-0.022558390787282057,0.46349378042184963,0.4928355957767723,"Pittsburgh city (Allegheny, PA) 562000",0.6336124290775431,7
42003151700,0.6346509302117164,8,51,18281,0.6405580816264154,"Pittsburgh city (Allegheny, PA)","Allegheny County, PA",4919,66467.0,2578,487,3786,488,111,357,-0.005907151414698997,0.18890612878200155,0.23033136816426103,"Pittsburgh city (Allegheny, PA) 151700",0.6346509302117164,8
42003518001,0.6354936591007365,4,19,3470,0.6568291701131536,"Forest Hills borough (Allegheny, PA)","Allegheny County, PA",3129,87114.0,1637,130,2710,174,26,92,-0.02133551101241704,0.0794135613927917,0.13390859699584534,"Forest Hills borough (Allegheny, PA) 518001",0.6354936591007365,4
42003521302,0.6355916840470879,3,17,2647,0.6425677000685669,"Monroeville municipality (Allegheny, PA)","Allegheny County, PA",4210,63524.0,2015,142,2844,549,397,318,-0.0069760160214790146,0.07047146401985112,0.3244655581947743,"Monroeville municipality (Allegheny, PA) 521302",0.6355916840470879,3
42003485000,0.6360895935760982,4,17,3568,0.6623680722891566,"Whitaker borough (Allegheny, PA)","Allegheny County, PA",1232,59242.0,568,83,799,279,0,77,-0.02627847871305844,0.14612676056338028,0.351461038961039,"Whitaker borough (Allegheny, PA) 485000",0.6360895935760982,4
42003051000,0.6362308854559395,3,22,5364,0.6437443628171221,"Pittsburgh city (Allegheny, PA)","Allegheny County, PA",2187,16297.0,847,418,758,1162,154,98,-0.0075134773611825745,0.4935064935064935,0.6534064929126657,"Pittsburgh city (Allegheny, PA) 51000",0.6362308854559395,3
42003120300,0.6367968975145956,4,24,5459,0.6494161475168968,"Pittsburgh city (Allegheny, PA)","Allegheny County, PA",2093,26837.0,718,228,33,1678,0,343,-0.012619250002301241,0.31754874651810583,0.9842331581462016,"Pittsburgh city (Allegheny, PA) 120300",0.6367968975145956,4
42003424000,0.6371345551736933,3,35,21798,0.6503939073366637,"Sharpsburg borough (Allegheny, PA)","Allegheny County, PA",3189,44571.0,1597,402,2742,181,48,90,-0.013259352162970361,0.2517219787100814,0.1401693320790216,"Sharpsburg borough (Allegheny, PA) 424000",0.6371345551736933,3
42003982200,0.6371559493155909,18,14,32306,0.6401795188885624,"Pittsburgh city (Allegheny, PA)","Allegheny County, PA",5498,,10,0,4026,505,574,167,-0.003023569572971452,0.0,0.2677337213532194,"Pittsburgh city (Allegheny, PA) 982200",0.6371559493155909,18
42003561900,0.6375961971830986,4,49,12070,0.6661179878048781,"Pittsburgh city (Allegheny, PA)","Allegheny County, PA",2007,22770.0,1022,254,83,1855,0,22,-0.028521790621779508,0.24853228962818003,0.9586447433981067,"Pittsburgh city (Allegheny, PA) 561900",0.6375961971830986,4
42003426400,0.6381056402439024,2,26,3120,0.655745731707317,"Shaler township (Allegheny, PA)","Allegheny County, PA",4203,85435.0,1968,62,3913,32,0,20,-0.01764009146341461,0.031504065040650404,0.06899833452295978,"Shaler township (Allegheny, PA) 426400",0.6381056402439024,2
42003414200,0.6381056402439024,2,14,1680,0.655745731707317,"Hampton township (Allegheny, PA)","Allegheny County, PA",5976,127093.0,2140,16,5515,18,62,136,-0.01764009146341461,0.007476635514018692,0.07714190093708162,"Hampton township (Allegheny, PA) 414200",0.6381056402439024,2
42003426300,0.6381056402439024,2,23,2760,0.655745731707317,"Shaler township (Allegheny, PA)","Allegheny County, PA",6249,94917.0,2437,30,5902,1,105,0,-0.01764009146341461,0.012310217480508822,0.05552888462153949,"Shaler township (Allegheny, PA) 426300",0.6381056402439024,2
42003040900,0.6385356976798515,19,15,15115,0.6388576598697362,"Pittsburgh city (Allegheny, PA)","Allegheny County, PA",3722,27383.0,1574,460,2496,609,378,92,-0.0003219621898846725,0.29224904701397714,0.3293927995701236,"Pittsburgh city (Allegheny, PA) 40900",0.6385356976798515,19
42003070300,0.6387446335199235,5,10,5634,0.6458559565089627,"Pittsburgh city (Allegheny, PA)","Allegheny County, PA",2278,78602.0,1068,317,1526,206,314,98,-0.007111322989039159,0.29681647940074907,0.3301141352063214,"Pittsburgh city (Allegheny, PA) 70300",0.6387446335199235,5
42003141400,0.6389276243013053,9,13,9554,0.6484081664608853,"Pittsburgh city (Allegheny, PA)","Allegheny County, PA",4997,101767.0,2483,483,3503,235,316,425,-0.009480542159579941,0.1945227547321788,0.2989793876325796,"Pittsburgh city (Allegheny, PA) 141400",0.6389276243013053,9
42003080400,0.6396053428216132,8,30,14014,0.655242027255363,"Pittsburgh city (Allegheny, PA)","Allegheny County, PA",1650,62868.0,920,248,1102,84,327,60,-0.01563668443374977,0.26956521739130435,0.33212121212121215,"Pittsburgh city (Allegheny, PA) 80400",0.6396053428216132,8
42003050600,0.6397092177231016,2,22,4712,0.6310430502497796,"Pittsburgh city (Allegheny, PA)","Allegheny County, PA",1960,42951.0,832,266,324,1320,149,0,0.00866616747332205,0.31971153846153844,0.8346938775510204,"Pittsburgh city (Allegheny, PA) 50600",0.6397092177231016,2
42003483800,0.6397791001387323,7,32,12734,0.6560825091305992,"Homestead borough (Allegheny, PA)","Allegheny County, PA",2905,29306.0,1264,469,863,1770,76,52,-0.016303408991866886,0.37104430379746833,0.7029259896729776,"Homestead borough (Allegheny, PA) 483800",0.6397791001387323,7
42003010301,0.6404152696334089,9,5,2551,0.6327240233845147,"Pittsburgh city (Allegheny, PA)","Allegheny County, PA",2028,,0,0,755,1086,0,60,0.007691246248894168,NaN,0.6277120315581854,"Pittsburgh city (Allegheny, PA) 10301",0.6404152696334089,9
42003521200,0.640539141809122,3,45,7437,0.6543810510334019,"Monroeville municipality (Allegheny, PA)","Allegheny County, PA",4194,67813.0,2032,157,3146,423,137,120,-0.013841909224279969,0.07726377952755906,0.24988078206962328,"Monroeville municipality (Allegheny, PA) 521200",0.640539141809122,3
42003561400,0.6411185313430887,6,36,6628,0.6528220344793809,"Wilkinsburg borough (Allegheny, PA)","Allegheny County, PA",3566,39788.0,2303,852,997,2241,19,86,-0.011703503136292204,0.3699522362136344,0.7204150308468873,"Wilkinsburg borough (Allegheny, PA) 561400",0.6411185313430887,6
42003140500,0.6412117734575848,19,17,9084,0.6740780454008304,"Pittsburgh city (Allegheny, PA)","Allegheny County, PA",1884,88490.0,1063,114,1103,503,99,67,-0.03286627194324554,0.10724365004703669,0.41454352441613584,"Pittsburgh city (Allegheny, PA) 140500",0.6412117734575848,19
42003564700,0.6424420502317061,18,42,18804,0.6783514200130847,"Wilkinsburg borough (Allegheny, PA)","Allegheny County, PA",2320,40433.0,1134,530,462,1499,0,109,-0.0359093697813786,0.4673721340388007,0.8008620689655173,"Wilkinsburg borough (Allegheny, PA) 564700",0.6424420502317061,18
42003560400,0.6428349360013296,20,24,14946,0.6747510745148617,"Wilkinsburg borough (Allegheny, PA)","Allegheny County, PA",1554,49048.0,848,285,853,419,35,113,-0.031916138513532144,0.33608490566037735,0.4510939510939511,"Wilkinsburg borough (Allegheny, PA) 560400",0.6428349360013296,20
42003521401,0.6436581961564701,4,2,342,0.6384369490155745,"Monroeville municipality (Allegheny, PA)","Allegheny County, PA",3230,91652.0,1283,12,2382,115,550,48,0.0052212471408956684,0.009353078721745909,0.26253869969040244,"Monroeville municipality (Allegheny, PA) 521401",0.6436581961564701,4
42003070900,0.6439093290265493,10,22,14356,0.6506799617984133,"Pittsburgh city (Allegheny, PA)","Allegheny County, PA",4196,49421.0,2391,704,2468,281,1154,97,-0.00677063277186396,0.2944374738603095,0.4118207816968541,"Pittsburgh city (Allegheny, PA) 70900",0.6439093290265493,10
42003564800,0.6441250728100174,11,21,12711,0.6540833827879473,"Wilkinsburg borough (Allegheny, PA)","Allegheny County, PA",1951,33883.0,776,297,227,1157,19,0,-0.009958309977929902,0.38273195876288657,0.8836494105586878,"Wilkinsburg borough (Allegheny, PA) 564800",0.6441250728100174,11
42003517000,0.6442898561514335,4,25,6538,0.6358912650602409,"Braddock Hills borough (Allegheny, PA)","Allegheny County, PA",1625,36138.0,905,287,931,598,24,26,0.008398591091192675,0.31712707182320443,0.42707692307692313,"Braddock Hills borough (Allegheny, PA) 517000",0.6442898561514335,4
42003486800,0.6451594313664671,4,36,8429,0.6623680722891566,"Duquesne city (Allegheny, PA)","Allegheny County, PA",1506,43125.0,503,106,449,726,0,117,-0.017208640922689478,0.21073558648111332,0.701859229747676,"Duquesne city (Allegheny, PA) 486800",0.6451594313664671,4
42003561500,0.6452087490868821,10,23,5455,0.65442488873289,"Wilkinsburg borough (Allegheny, PA)","Allegheny County, PA",2737,42461.0,1517,306,981,1724,0,18,-0.00921613964600787,0.2017139090309822,0.6415783704786262,"Wilkinsburg borough (Allegheny, PA) 561500",0.6452087490868821,10
42003421100,0.6453189014687374,3,46,12720,0.6503939073366637,"O'Hara township (Allegheny, PA)","Allegheny County, PA",4959,133283.0,2080,142,4256,50,432,62,-0.005075005867926308,0.06826923076923076,0.14176245210727967,"O'Hara township (Allegheny, PA) 421100",0.6453189014687374,3
42003413400,0.6455521163897328,5,42,4363,0.661088172200999,"McCandless township (Allegheny, PA)","Allegheny County, PA",4442,121510.0,1657,130,4002,9,169,220,-0.01553605581126627,0.07845503922751962,0.0990544799639802,"McCandless township (Allegheny, PA) 413400",0.6455521163897328,5
42003563900,0.645687622529289,4,9,2048,0.6593728448119487,"Forest Hills borough (Allegheny, PA)","Allegheny County, PA",3917,71716.0,1980,134,2877,757,14,134,-0.01368522228265967,0.06767676767676768,0.26550931835588465,"Forest Hills borough (Allegheny, PA) 563900",0.645687622529289,4
42003429500,0.646521950466691,4,31,6831,0.6533177453717309,"Ross township (Allegheny, PA)","Allegheny County, PA",4428,56602.0,2312,223,4064,93,128,83,-0.006795794905039898,0.09645328719723184,0.08220415537488712,"Ross township (Allegheny, PA) 429500",0.646521950466691,4
42003980800,0.6470371308362702,3,8,3528,0.6438369477911646,"Pittsburgh city (Allegheny, PA)","Allegheny County, PA",0,,0,0,0,0,0,0,0.003200183045105609,NaN,NaN,"Pittsburgh city (Allegheny, PA) 980800",0.6470371308362702,3
42003080600,0.6472643401288709,7,16,5633,0.6290265459048738,"Pittsburgh city (Allegheny, PA)","Allegheny County, PA",1892,63192.0,1089,224,1563,39,98,108,0.018237794223997073,0.2056932966023875,0.17389006342494717,"Pittsburgh city (Allegheny, PA) 80600",0.6472643401288709,7
42003040400,0.6488483373204988,16,9,12731,0.6374965370628857,"Pittsburgh city (Allegheny, PA)","Allegheny County, PA",1629,60329.0,999,339,1192,61,331,17,0.011351800257613176,0.33933933933933935,0.2682627378759975,"Pittsburgh city (Allegheny, PA) 40400",0.6488483373204988,16
42003980000,0.6495418410953129,3,11,9056,0.6503939073366637,"Pittsburgh city (Allegheny, PA)","Allegheny County, PA",0,,0,0,0,0,0,0,-0.0008520662413508129,NaN,NaN,"Pittsburgh city (Allegheny, PA) 980000",0.6495418410953129,3
42003423000,0.6495464930399898,3,9,7398,0.6503939073366637,"Aspinwall borough (Allegheny, PA)","Allegheny County, PA",2890,107738.0,1222,72,2356,119,402,13,-0.0008474142966738984,0.058919803600654665,0.18477508650519037,"Aspinwall borough (Allegheny, PA) 423000",0.6495464930399898,3
42003080200,0.6505074448938107,2,3,1707,0.647971686746988,"Pittsburgh city (Allegheny, PA)","Allegheny County, PA",1867,60052.0,1011,224,1619,126,15,56,0.0025357581468227197,0.2215628090999011,0.1328334226031066,"Pittsburgh city (Allegheny, PA) 80200",0.6505074448938107,2
42003090100,0.6506553533722519,2,7,4074,0.6535451807228916,"Pittsburgh city (Allegheny, PA)","Allegheny County, PA",2073,81681.0,1251,225,1620,205,102,84,-0.0028898273506396954,0.17985611510791366,0.2185238784370478,"Pittsburgh city (Allegheny, PA) 90100",0.6506553533722519,2
42003120900,0.6509377647605751,23,52,20640,0.6702736853860594,"Pittsburgh city (Allegheny, PA)","Allegheny County, PA",1574,21087.0,596,257,225,1191,8,89,-0.019335920625484282,0.4312080536912752,0.8570520965692503,"Pittsburgh city (Allegheny, PA) 120900",0.6509377647605751,23
42003413300,0.6510443088648524,2,7,313,0.6508897590361447,"McCandless township (Allegheny, PA)","Allegheny County, PA",4550,105893.0,1807,76,4336,0,97,46,0.0001545498287077729,0.042058660763696736,0.047032967032967,"McCandless township (Allegheny, PA) 413300",0.6510443088648524,2
42003020300,0.6512412433590501,5,23,21419,0.6522026917425802,"Pittsburgh city (Allegheny, PA)","Allegheny County, PA",1471,119233.0,1067,87,1170,15,229,44,-0.0009614483835300724,0.08153701968134958,0.20462270564242013,"Pittsburgh city (Allegheny, PA) 20300",0.6512412433590501,5
42003488200,0.6521495447662806,4,42,7384,0.6623680722891567,"West Mifflin borough (Allegheny, PA)","Allegheny County, PA",3455,58125.0,1296,162,2557,463,0,277,-0.010218527522876109,0.125,0.25991316931982633,"West Mifflin borough (Allegheny, PA) 488200",0.6521495447662806,4
42003980500,0.6523715705882416,2,2,417,0.6378086047895284,"Pittsburgh city (Allegheny, PA)","Allegheny County, PA",19,27750.0,19,0,19,0,0,0,0.01456296579871319,0.0,0.0,"Pittsburgh city (Allegheny, PA) 980500",0.6523715705882416,2
42003130800,0.6525650788569157,15,42,14740,0.6798424798017726,"Pittsburgh city (Allegheny, PA)","Allegheny County, PA",2177,23636.0,938,384,127,1831,0,30,-0.027277400944856867,0.4093816631130064,0.9416628387689481,"Pittsburgh city (Allegheny, PA) 130800",0.6525650788569157,15
42003413100,0.6529117181052978,2,1,219,0.6508897590361447,"McCandless township (Allegheny, PA)","Allegheny County, PA",6737,114196.0,2637,114,5328,146,359,582,0.0020219590691531453,0.04323094425483504,0.20914353569838207,"McCandless township (Allegheny, PA) 413100",0.6529117181052978,2
42003413201,0.6531727431464991,2,6,621,0.6508897590361447,"McCandless township (Allegheny, PA)","Allegheny County, PA",4085,102969.0,1547,16,3643,17,273,56,0.0022829841103544357,0.010342598577892695,0.10820073439412481,"McCandless township (Allegheny, PA) 413201",0.6531727431464991,2
42003060300,0.653922704228483,7,35,15517,0.6574466038369506,"Pittsburgh city (Allegheny, PA)","Allegheny County, PA",2448,91731.0,1422,143,2001,236,66,67,-0.003523899608467662,0.10056258790436005,0.1825980392156863,"Pittsburgh city (Allegheny, PA) 60300",0.653922704228483,7
42003562901,0.6551354417574512,5,26,4640,0.6414256105905103,"Pittsburgh city (Allegheny, PA)","Allegheny County, PA",1508,52679.0,633,46,852,397,18,2,0.013709831166940911,0.07266982622432859,0.4350132625994695,"Pittsburgh city (Allegheny, PA) 562901",0.6551354417574512,5
42003429201,0.6553643810675586,5,34,2347,0.6610881722009991,"Ross township (Allegheny, PA)","Allegheny County, PA",4978,121620.0,2027,66,3978,107,688,136,-0.00572379113344057,0.03256043413912185,0.2008838891120932,"Ross township (Allegheny, PA) 429201",0.6553643810675586,5
42003111300,0.6554309714741547,6,20,7733,0.6626441816044667,"Pittsburgh city (Allegheny, PA)","Allegheny County, PA",2785,62250.0,1284,345,1788,547,80,165,-0.007213210130311953,0.26869158878504673,0.35798922800718136,"Pittsburgh city (Allegheny, PA) 111300",0.6554309714741547,6
42003486900,0.6557052412123183,3,22,5334,0.6581650602409639,"Duquesne city (Allegheny, PA)","Allegheny County, PA",1589,43207.0,634,111,578,893,0,0,-0.00245981902864556,0.1750788643533123,0.6362492133417244,"Duquesne city (Allegheny, PA) 486900",0.6557052412123183,3
42003981000,0.6557864941343651,4,13,3733,0.6564057743167793,"Pittsburgh city (Allegheny, PA)","Allegheny County, PA",0,,0,0,0,0,0,0,-0.0006192801824141947,NaN,NaN,"Pittsburgh city (Allegheny, PA) 981000",0.6557864941343651,4
42003090200,0.6559686305789707,5,8,4293,0.6595750837496327,"Pittsburgh city (Allegheny, PA)","Allegheny County, PA",2657,75521.0,1419,330,2342,38,22,89,-0.003606453170661994,0.23255813953488372,0.11855476100865636,"Pittsburgh city (Allegheny, PA) 90200",0.6559686305789707,5
42003429202,0.6559740303080338,4,34,2351,0.6565437518366148,"Ross township (Allegheny, PA)","Allegheny County, PA",4514,115652.0,1790,9,4345,23,75,44,-0.0005697215285810353,0.005027932960893855,0.03743907842268501,"Ross township (Allegheny, PA) 429202",0.6559740303080338,4
42003101100,0.6569558945768097,3,25,11336,0.6608691448721716,"Pittsburgh city (Allegheny, PA)","Allegheny County, PA",2537,76000.0,1138,116,2155,254,44,36,-0.003913250295361936,0.10193321616871705,0.1505715411903823,"Pittsburgh city (Allegheny, PA) 101100",0.6569558945768097,3
42003310200,0.6571831634284628,2,25,4080,0.6561938436673523,"Pittsburgh city (Allegheny, PA)","Allegheny County, PA",3272,79600.0,1386,101,3052,124,66,15,0.0009893197611104965,0.07287157287157287,0.06723716381418088,"Pittsburgh city (Allegheny, PA) 310200",0.6571831634284628,2
42003515100,0.6576247084116773,7,28,16667,0.7256931769405666,"Swissvale borough (Allegheny, PA)","Allegheny County, PA",2911,47052.0,1411,445,1138,1531,165,26,-0.06806846852888926,0.31537916371367825,0.6090690484369632,"Swissvale borough (Allegheny, PA) 515100",0.6576247084116773,7
42003111400,0.6585104851829839,4,8,3192,0.6713839406406112,"Pittsburgh city (Allegheny, PA)","Allegheny County, PA",1302,62315.0,620,182,541,693,13,20,-0.012873455457627303,0.29354838709677417,0.5844854070660522,"Pittsburgh city (Allegheny, PA) 111400",0.6585104851829839,4
42003413500,0.6590221280643094,5,54,3023,0.661088172200999,"McCandless township (Allegheny, PA)","Allegheny County, PA",6879,74259.0,3250,75,5536,335,869,41,-0.0020660441366896487,0.023076923076923078,0.195231865096671,"McCandless township (Allegheny, PA) 413500",0.6590221280643094,5
42003562300,0.6591427257711714,9,60,16771,0.648144227315767,"Pittsburgh city (Allegheny, PA)","Allegheny County, PA",2966,25792.0,1333,531,1151,1505,0,228,0.010998498455404349,0.3983495873968492,0.6119352663519892,"Pittsburgh city (Allegheny, PA) 562300",0.6591427257711714,9
42003551900,0.6595176844869168,6,34,15794,0.6887234009207562,"McKeesport city (Allegheny, PA)","Allegheny County, PA",1395,14063.0,739,445,633,478,0,91,-0.0292057164338394,0.6021650879566982,0.546236559139785,"McKeesport city (Allegheny, PA) 551900",0.6595176844869168,6
42003509400,0.6601629305895428,4,36,8136,0.654364630473112,"Turtle Creek borough (Allegheny, PA)","Allegheny County, PA",5087,42344.0,2174,427,3072,1321,50,103,0.005798300116430788,0.19641214351425942,0.3961077255749951,"Turtle Creek borough (Allegheny, PA) 509400",0.6601629305895428,4
42003080900,0.6613484212363481,5,21,7032,0.6590071730825743,"Pittsburgh city (Allegheny, PA)","Allegheny County, PA",2034,62852.0,1101,241,1710,87,78,112,0.0023412481537737895,0.21889191643960038,0.15929203539823011,"Pittsburgh city (Allegheny, PA) 80900",0.6613484212363481,5
42003101800,0.6624054513117082,2,13,2765,0.6610272112841611,"Pittsburgh city (Allegheny, PA)","Allegheny County, PA",2532,81406.0,1308,74,2088,341,9,26,0.0013782400275471618,0.05657492354740061,0.17535545023696686,"Pittsburgh city (Allegheny, PA) 101800",0.6624054513117082,2
42003090300,0.6627525815148139,6,22,9040,0.6592648129101774,"Pittsburgh city (Allegheny, PA)","Allegheny County, PA",1473,68289.0,834,175,1315,77,40,39,0.0034877686046365097,0.20983213429256595,0.10726408689748812,"Pittsburgh city (Allegheny, PA) 90300",0.6627525815148139,6
42003070800,0.6646321309285607,24,15,12499,0.6668435067279054,"Pittsburgh city (Allegheny, PA)","Allegheny County, PA",2530,94297.0,1666,243,1457,73,643,203,-0.002211375799344717,0.14585834333733494,0.4241106719367589,"Pittsburgh city (Allegheny, PA) 70800",0.6646321309285607,24
42003130600,0.6649461070656095,5,41,9022,0.6483425389362327,"Pittsburgh city (Allegheny, PA)","Allegheny County, PA",3505,18879.0,1180,489,309,3140,0,32,0.0166035681293768,0.41440677966101697,0.9118402282453637,"Pittsburgh city (Allegheny, PA) 130600",0.6649461070656095,5
42003512000,0.6660669930044798,3,24,3475,0.6425677000685669,"North Braddock borough (Allegheny, PA)","Allegheny County, PA",2077,45971.0,1056,143,1277,578,14,13,0.023499292935912908,0.13541666666666666,0.3851709195955705,"North Braddock borough (Allegheny, PA) 512000",0.6660669930044798,3
42003459201,0.6680898832174533,3,46,12281,0.654932535078586,"Robinson township (Allegheny, PA)","Allegheny County, PA",7371,92292.0,3425,66,6072,439,300,214,0.013157348138867375,0.01927007299270073,0.17623117623117623,"Robinson township (Allegheny, PA) 459201",0.6680898832174533,3
42003503002,0.671613471993013,2,5,421,0.6809616094005653,"White Oak borough (Allegheny, PA)","Allegheny County, PA",5771,57813.0,2878,116,5450,125,20,22,-0.009348137407552248,0.04030576789437109,0.05562294229769538,"White Oak borough (Allegheny, PA) 503002",0.671613471993013,2
42003060500,0.6718306276234984,18,23,7919,0.6667859361263181,"Pittsburgh city (Allegheny, PA)","Allegheny County, PA",1203,62841.0,617,99,1019,98,4,2,0.0050446914971803425,0.16045380875202594,0.15295095594347463,"Pittsburgh city (Allegheny, PA) 60500",0.6718306276234984,18
42003488300,0.6720759552557432,4,9,680,0.6692800543637967,"West Mifflin borough (Allegheny, PA)","Allegheny County, PA",1979,69000.0,866,65,1871,10,5,62,0.002795900891946479,0.07505773672055427,0.054573016675088404,"West Mifflin borough (Allegheny, PA) 488300",0.6720759552557432,4
42003551300,0.6749650484163813,3,12,1351,0.7151017155039913,"McKeesport city (Allegheny, PA)","Allegheny County, PA",2303,57460.0,1059,105,2102,149,0,1,-0.04013666708760999,0.09915014164305949,0.0872774641771602,"McKeesport city (Allegheny, PA) 551300",0.6749650484163813,3
42003487000,0.6762040662650602,2,7,2240,0.6760325301204819,"Dravosburg borough (Allegheny, PA)","Allegheny County, PA",1614,43208.0,823,82,1504,36,0,65,0.00017153614457832145,0.09963547995139732,0.06815365551425034,"Dravosburg borough (Allegheny, PA) 487000",0.6762040662650602,2
42003482500,0.6763355316285079,3,4,3156,0.6793946174943676,"West Homestead borough (Allegheny, PA)","Allegheny County, PA",1747,74545.0,808,55,1303,152,0,154,-0.0030590858658596787,0.06806930693069307,0.2541499713795077,"West Homestead borough (Allegheny, PA) 482500",0.6763355316285079,3
42003510000,0.6780463692449343,5,24,4530,0.6634144204278722,"East Pittsburgh borough (Allegheny, PA)","Allegheny County, PA",1866,35483.0,809,276,508,1268,0,0,0.01463194881706209,0.3411619283065513,0.7277599142550911,"East Pittsburgh borough (Allegheny, PA) 510000",0.6780463692449343,5
42003563100,0.6787342030401625,2,23,3563,0.6944104938271605,"Pittsburgh city (Allegheny, PA)","Allegheny County, PA",3491,64800.0,1628,56,2776,151,418,72,-0.01567629078699795,0.0343980343980344,0.20481237467774271,"Pittsburgh city (Allegheny, PA) 563100",0.6787342030401625,2
42003488500,0.6821606960001726,5,26,8105,0.6829935703790773,"West Mifflin borough (Allegheny, PA)","Allegheny County, PA",2797,58371.0,1269,96,2404,87,262,0,-0.0008328743789046689,0.07565011820330969,0.14050768680729353,"West Mifflin borough (Allegheny, PA) 488500",0.6821606960001726,5
42003471000,0.6825133529367939,2,10,1940,0.7045144760614273,"Heidelberg borough (Allegheny, PA)","Allegheny County, PA",1254,63500.0,658,62,1177,10,9,8,-0.022001123124633315,0.09422492401215805,0.06140350877192979,"Heidelberg borough (Allegheny, PA) 471000",0.6825133529367939,2
42003457100,0.682513352936794,2,8,1552,0.7045144760614273,"Bridgeville borough (Allegheny, PA)","Allegheny County, PA",1433,63295.0,692,69,1308,44,0,1,-0.022001123124633204,0.09971098265895954,0.0872295882763433,"Bridgeville borough (Allegheny, PA) 457100",0.682513352936794,2
42003100500,0.6828819853902613,2,11,1399,0.6989341463414633,"Pittsburgh city (Allegheny, PA)","Allegheny County, PA",2023,62411.0,894,190,621,1276,41,26,-0.016052160951201988,0.21252796420581654,0.6930301532377656,"Pittsburgh city (Allegheny, PA) 100500",0.6828819853902613,2
42003101400,0.6834458226475639,2,36,10267,0.6818392594769321,"Pittsburgh city (Allegheny, PA)","Allegheny County, PA",3301,83796.0,1515,244,2826,183,68,113,0.0016065631706317918,0.16105610561056105,0.1438957891548016,"Pittsburgh city (Allegheny, PA) 101400",0.6834458226475639,2
42003488400,0.6852020060718774,2,31,3278,0.6823662650602409,"West Mifflin borough (Allegheny, PA)","Allegheny County, PA",4233,57584.0,1929,207,3557,412,14,0,0.002835741011636528,0.10730948678071539,0.1596976139853532,"West Mifflin borough (Allegheny, PA) 488400",0.6852020060718774,2
42003070500,0.6855339551447261,18,17,7810,0.6791009220864187,"Pittsburgh city (Allegheny, PA)","Allegheny County, PA",2996,68957.0,1667,300,2115,96,422,295,0.006433033058307447,0.1799640071985603,0.2940587449933244,"Pittsburgh city (Allegheny, PA) 70500",0.6855339551447261,18
42003552200,0.6858590996179841,3,8,3500,0.6880729062591829,"McKeesport city (Allegheny, PA)","Allegheny County, PA",890,50000.0,412,22,573,102,95,33,-0.0022138066411988566,0.05339805825242718,0.35617977528089884,"McKeesport city (Allegheny, PA) 552200",0.6858590996179841,3
42003470600,0.6865989166323625,2,16,1264,0.7045144760614273,"Scott township (Allegheny, PA)","Allegheny County, PA",3114,64171.0,1473,117,2771,66,102,0,-0.017915559429064754,0.07942973523421588,0.11014771997430961,"Scott township (Allegheny, PA) 470600",0.6865989166323625,2
42003465800,0.6903639146627527,5,6,1106,0.7121424237872901,"Crafton borough (Allegheny, PA)","Allegheny County, PA",3565,89167.0,1712,105,3327,24,30,87,-0.021778509124537382,0.06133177570093458,0.06676016830294529,"Crafton borough (Allegheny, PA) 465800",0.6903639146627527,5
42003300100,0.6912382053993941,4,29,7134,0.7073924661144578,"Pittsburgh city (Allegheny, PA)","Allegheny County, PA",4188,47093.0,1389,427,1696,1908,267,165,-0.016154260715063762,0.3074154067674586,0.5950334288443171,"Pittsburgh city (Allegheny, PA) 300100",0.6912382053993941,4
42003458001,0.6919613149973688,3,20,5270,0.7076586219010338,"Collier township (Allegheny, PA)","Allegheny County, PA",4277,116080.0,1837,16,3851,23,258,28,-0.015697306903664998,0.008709853021230268,0.09960252513444001,"Collier township (Allegheny, PA) 458001",0.6919613149973688,3
42003523100,0.6937916596652174,3,47,9142,0.6523389215398178,"Penn Hills township (Allegheny, PA)","Allegheny County, PA",3829,58471.0,1534,170,371,2946,26,12,0.041452738125399624,0.11082138200782268,0.903107861060329,"Penn Hills township (Allegheny, PA) 523100",0.6937916596652174,3
42003271600,0.6943732211876508,3,42,11172,0.698282559506318,"Pittsburgh city (Allegheny, PA)","Allegheny County, PA",4310,38719.0,2003,653,1889,1874,0,176,-0.003909338318667244,0.3260109835247129,0.5617169373549884,"Pittsburgh city (Allegheny, PA) 271600",0.6943732211876508,3
42003488600,0.6947742103984027,5,52,12223,0.6829935703790773,"West Mifflin borough (Allegheny, PA)","Allegheny County, PA",5041,83603.0,2039,143,4226,668,0,1,0.011780640019325439,0.07013241785188817,0.1616742709779806,"West Mifflin borough (Allegheny, PA) 488600",0.6947742103984027,5
42003563202,0.6952653699786341,11,28,12657,0.6937995244837443,"Pittsburgh city (Allegheny, PA)","Allegheny County, PA",1924,41607.0,1314,613,1155,515,21,62,0.001465845494889817,0.4665144596651446,0.3996881496881497,"Pittsburgh city (Allegheny, PA) 563202",0.6952653699786341,11
42003562800,0.6955688002399794,5,13,2858,0.7169090904539568,"Pittsburgh city (Allegheny, PA)","Allegheny County, PA",1560,56382.0,749,118,1221,63,65,55,-0.02134029021397743,0.157543391188251,0.2173076923076923,"Pittsburgh city (Allegheny, PA) 562800",0.6955688002399794,5
42003170600,0.6961100528805328,4,18,12514,0.7283126995481928,"Pittsburgh city (Allegheny, PA)","Allegheny County, PA",1630,50859.0,862,182,1279,162,57,96,-0.03220264666765993,0.2111368909512761,0.2153374233128834,"Pittsburgh city (Allegheny, PA) 170600",0.6961100528805328,4
42003141100,0.6965384217002691,2,3,165,0.6953158783281272,"Pittsburgh city (Allegheny, PA)","Allegheny County, PA",1432,105063.0,597,6,1280,80,27,26,0.0012225433721418932,0.010050251256281407,0.1061452513966481,"Pittsburgh city (Allegheny, PA) 141100",0.6965384217002691,2
42003101900,0.6974110444554342,2,27,3690,0.6826834410813987,"Pittsburgh city (Allegheny, PA)","Allegheny County, PA",2698,60457.0,1131,172,567,1718,94,79,0.014727603374035558,0.15207780725022105,0.7898443291326909,"Pittsburgh city (Allegheny, PA) 101900",0.6974110444554342,2
42003463900,0.6978822477146023,2,17,2472,0.697820182174044,"McKees Rocks borough (Allegheny, PA)","Allegheny County, PA",3078,46183.0,1452,497,1669,1073,8,53,0.00006206554055832036,0.34228650137741046,0.4577647823261858,"McKees Rocks borough (Allegheny, PA) 463900",0.6978822477146023,2
42003429700,0.6993016797732005,4,22,5563,0.7233486666176903,"Ross township (Allegheny, PA)","Allegheny County, PA",2252,56103.0,1005,58,2162,69,7,0,-0.024046986844489804,0.05771144278606965,0.039964476021314366,"Ross township (Allegheny, PA) 429700",0.6993016797732005,4
42003270800,0.700599508191677,2,7,3524,0.6910907067293565,"Pittsburgh city (Allegheny, PA)","Allegheny County, PA",2375,88490.0,1296,153,1686,474,40,95,0.009508801462320582,0.11805555555555555,0.29010526315789475,"Pittsburgh city (Allegheny, PA) 270800",0.700599508191677,2
42003562700,0.7008255539305316,14,38,23829,0.7101701083077956,"Pittsburgh city (Allegheny, PA)","Allegheny County, PA",1867,59634.0,1304,284,1175,318,248,45,-0.009344554377264003,0.21779141104294478,0.37064809855382963,"Pittsburgh city (Allegheny, PA) 562700",0.7008255539305316,14
42003462600,0.7008501930067412,2,18,3291,0.7101771604938272,"Stowe township (Allegheny, PA)","Allegheny County, PA",3669,46935.0,1671,537,2167,1234,0,0,-0.009326967487085946,0.3213644524236984,0.4093758517307168,"Stowe township (Allegheny, PA) 462600",0.7008501930067412,2
42003160900,0.7010209126251007,5,19,7441,0.6857178313253012,"Pittsburgh city (Allegheny, PA)","Allegheny County, PA",3303,92593.0,1944,380,2956,74,69,42,0.015303081299799515,0.19547325102880658,0.10505600968816231,"Pittsburgh city (Allegheny, PA) 160900",0.7010209126251007,5
42003481000,0.7010696794620848,5,17,6940,0.7159002379518072,"Mount Oliver borough (Allegheny, PA)","Allegheny County, PA",3357,35640.0,1459,674,1633,1220,147,236,-0.014830558489722478,0.46196024674434544,0.5135537682454572,"Mount Oliver borough (Allegheny, PA) 481000",0.7010696794620848,5
42003020100,0.7012162626770866,74,70,85641,0.6908535607105906,"Pittsburgh city (Allegheny, PA)","Allegheny County, PA",4310,90726.0,2098,878,2915,541,480,192,0.010362701966496024,0.4184938036224976,0.32366589327146167,"Pittsburgh city (Allegheny, PA) 20100",0.6880237258780711,71
42003469000,0.7014642862143807,2,35,5819,0.6944104938271605,"Green Tree borough (Allegheny, PA)","Allegheny County, PA",4870,86450.0,2334,75,4382,1,302,26,0.007053792387220259,0.032133676092544985,0.10020533880903493,"Green Tree borough (Allegheny, PA) 469000",0.7014642862143807,2
42003460002,0.7017669068697606,3,29,6038,0.7062949362641775,"Kennedy township (Allegheny, PA)","Allegheny County, PA",3716,90848.0,1591,86,3420,182,53,30,-0.004528029394416877,0.05405405405405406,0.07965554359526372,"Kennedy township (Allegheny, PA) 460002",0.7017669068697606,3
42003468700,0.7019801819485733,5,9,2182,0.7169090904539568,"Carnegie borough (Allegheny, PA)","Allegheny County, PA",1740,69444.0,792,44,1456,107,0,13,-0.014928908505383531,0.05555555555555555,0.16321839080459766,"Carnegie borough (Allegheny, PA) 468700",0.7019801819485733,5
42003290200,0.7022272816379106,3,12,7263,0.7207867419678715,"Pittsburgh city (Allegheny, PA)","Allegheny County, PA",4268,41321.0,1912,594,2672,881,484,42,-0.01855946032996092,0.3106694560669456,0.3739456419868791,"Pittsburgh city (Allegheny, PA) 290200",0.7022272816379106,3
42003470502,0.7022596394624714,2,14,2260,0.6944104938271605,"Scott township (Allegheny, PA)","Allegheny County, PA",3061,108600.0,1214,49,2823,46,104,4,0.007849145635310917,0.04036243822075782,0.07775236850702383,"Scott township (Allegheny, PA) 470502",0.7022596394624714,2
42003270300,0.7024095644185764,3,21,5233,0.698282559506318,"Pittsburgh city (Allegheny, PA)","Allegheny County, PA",2213,59398.0,934,341,958,1063,0,10,0.00412700491225837,0.36509635974304067,0.5671034794396747,"Pittsburgh city (Allegheny, PA) 270300",0.7024095644185764,3
42003478100,0.7032124211044117,2,9,3331,0.7179469879518072,"Brentwood borough (Allegheny, PA)","Allegheny County, PA",4357,55729.0,2020,362,3499,289,157,64,-0.014734566847395492,0.1792079207920792,0.19692448932751894,"Brentwood borough (Allegheny, PA) 478100",0.7032124211044117,2
42003504100,0.7035712368975088,3,40,5257,0.7005075534900819,"North Versailles township (Allegheny, PA)","Allegheny County, PA",4860,39891.0,2260,421,3221,1444,12,23,0.0030636834074269093,0.18628318584070797,0.33724279835390947,"North Versailles township (Allegheny, PA) 504100",0.7035712368975088,3
42003465600,0.7042479464720363,7,26,4807,0.7356337616999162,"Crafton borough (Allegheny, PA)","Allegheny County, PA",2479,60921.0,1330,322,2050,399,0,18,-0.031385815227879976,0.24210526315789474,0.17305365066559097,"Crafton borough (Allegheny, PA) 465600",0.7042479464720363,7
42003478200,0.7044553495224548,3,15,4921,0.7207867419678715,"Brentwood borough (Allegheny, PA)","Allegheny County, PA",5625,58312.0,2601,450,4930,241,168,24,-0.016331392445416704,0.17301038062283736,0.12355555555555553,"Brentwood borough (Allegheny, PA) 478200",0.7044553495224548,3
42003290400,0.706110406335374,3,21,7087,0.7207867419678715,"Pittsburgh city (Allegheny, PA)","Allegheny County, PA",3957,57500.0,1902,379,2891,736,6,162,-0.014676335632497484,0.19926393270241852,0.2693960070760677,"Pittsburgh city (Allegheny, PA) 290400",0.706110406335374,3
42003170200,0.7063922330488438,5,25,20026,0.6882197590361446,"Pittsburgh city (Allegheny, PA)","Allegheny County, PA",3882,68611.0,2094,196,2907,771,82,42,0.01817247401269917,0.0936007640878701,0.2511591962905718,"Pittsburgh city (Allegheny, PA) 170200",0.7063922330488438,5
42003563201,0.7065566073812345,14,6,6919,0.6955393560303934,"Pittsburgh city (Allegheny, PA)","Allegheny County, PA",266,98889.0,180,6,260,0,0,6,0.011017251350841084,0.03333333333333333,0.022556390977443663,"Pittsburgh city (Allegheny, PA) 563201",0.7065566073812345,14
42003460001,0.7080172633364474,2,39,4908,0.7108874661246612,"Kennedy township (Allegheny, PA)","Allegheny County, PA",4883,75598.0,2153,294,4502,252,0,8,-0.002870202788213816,0.13655364607524384,0.07802580380913371,"Kennedy township (Allegheny, PA) 460001",0.7080172633364474,2
42003281500,0.7080204829138531,3,10,2353,0.7034259259259259,"Pittsburgh city (Allegheny, PA)","Allegheny County, PA",1480,63056.0,558,90,855,501,5,16,0.004594556987927212,0.16129032258064516,0.42229729729729726,"Pittsburgh city (Allegheny, PA) 281500",0.7080204829138531,3
42003432300,0.7086592903724991,2,11,3161,0.6870602409638553,"Avalon borough (Allegheny, PA)","Allegheny County, PA",2287,46994.0,1377,369,1784,262,90,18,0.021599049408643767,0.2679738562091503,0.21993878443375603,"Avalon borough (Allegheny, PA) 432300",0.7086592903724991,2
42003489001,0.7088882178552176,2,15,2145,0.7064123714369674,"Pleasant Hills borough (Allegheny, PA)","Allegheny County, PA",4836,90781.0,1973,83,3976,286,340,70,0.0024758464182501605,0.04206791687785099,0.17783291976840365,"Pleasant Hills borough (Allegheny, PA) 489001",0.7088882178552176,2
42003261300,0.7090818800172488,7,45,9751,0.6950196213425129,"Pittsburgh city (Allegheny, PA)","Allegheny County, PA",2996,48500.0,1004,338,982,1846,0,37,0.014062258674735872,0.33665338645418325,0.6722296395193592,"Pittsburgh city (Allegheny, PA) 261300",0.7090818800172488,7
42003270100,0.7105041403674118,5,25,7977,0.7023023067881281,"Pittsburgh city (Allegheny, PA)","Allegheny County, PA",2459,61481.0,1256,177,1983,397,0,39,0.008201833579283724,0.1409235668789809,0.19357462383082558,"Pittsburgh city (Allegheny, PA) 270100",0.7105041403674118,5
42003550900,0.7123971259133137,6,12,2089,0.6887234009207562,"McKeesport city (Allegheny, PA)","Allegheny County, PA",1807,28767.0,749,299,691,1029,0,37,0.023673724992557488,0.3991989319092123,0.6175982291090205,"McKeesport city (Allegheny, PA) 550900",0.7123971259133137,6
42003431100,0.7133854599251487,4,22,6226,0.7107885542168675,"Bellevue borough (Allegheny, PA)","Allegheny County, PA",3244,60559.0,1717,327,2735,319,33,40,0.002596905708281194,0.1904484566103669,0.15690505548705302,"Bellevue borough (Allegheny, PA) 431100",0.7133854599251487,4
42003262000,0.7148746509862519,2,32,7031,0.6896981927710844,"Pittsburgh city (Allegheny, PA)","Allegheny County, PA",2466,39618.0,1138,293,1604,673,10,0,0.025176458215167563,0.25746924428822493,0.3495539334955393,"Pittsburgh city (Allegheny, PA) 262000",0.7148746509862519,2
42003431500,0.7169188726586031,4,12,4096,0.7107885542168674,"Bellevue borough (Allegheny, PA)","Allegheny County, PA",3144,55938.0,1710,263,2452,515,30,54,0.006130318441735727,0.15380116959064327,0.2201017811704835,"Bellevue borough (Allegheny, PA) 431500",0.7169188726586031,4
42003565200,0.7174528487232616,6,43,12891,0.736825014692918,"Pittsburgh city (Allegheny, PA)","Allegheny County, PA",3011,59229.0,1515,618,882,1731,24,10,-0.019372165969656296,0.4079207920792079,0.7070740617734972,"Pittsburgh city (Allegheny, PA) 565200",0.7174528487232616,6
42003261500,0.7177204648870077,5,19,7247,0.7179080899206582,"Pittsburgh city (Allegheny, PA)","Allegheny County, PA",1871,46141.0,679,203,504,1097,7,0,-0.0001876250336505514,0.29896907216494845,0.7306253340459647,"Pittsburgh city (Allegheny, PA) 261500",0.7177204648870077,5
42003565100,0.72093404302719,8,16,9978,0.7316890923449897,"Pittsburgh city (Allegheny, PA)","Allegheny County, PA",2953,57621.0,1553,463,1818,861,27,132,-0.010755049317799692,0.29813264649066323,0.3843548933288181,"Pittsburgh city (Allegheny, PA) 565100",0.72093404302719,8
42003241300,0.7221319415990878,6,60,6263,0.6835779287883241,"Pittsburgh city (Allegheny, PA)","Allegheny County, PA",3458,70218.0,1765,343,2583,460,83,157,0.03855401281076365,0.1943342776203966,0.25303643724696356,"Pittsburgh city (Allegheny, PA) 241300",0.7221319415990878,6
42003464400,0.7221535992560638,4,34,7285,0.713739575692109,"McKees Rocks borough (Allegheny, PA)","Allegheny County, PA",2815,17118.0,1433,481,1201,526,279,219,0.00841402356395482,0.33565945568736916,0.5733570159857904,"McKees Rocks borough (Allegheny, PA) 464400",0.7221535992560638,4
42003290100,0.7238431832836117,4,11,6892,0.7833040302413358,"Pittsburgh city (Allegheny, PA)","Allegheny County, PA",1841,41175.0,749,179,1385,264,4,127,-0.05946084695772402,0.2389853137516689,0.24769147202607278,"Pittsburgh city (Allegheny, PA) 290100",0.7019088665819883,2
42003429100,0.723848641319141,6,22,4205,0.6969230066607895,"Ross township (Allegheny, PA)","Allegheny County, PA",2532,73220.0,1173,47,2241,172,9,109,0.026925634658351405,0.040068201193520885,0.11492890995260663,"Ross township (Allegheny, PA) 429100",0.723848641319141,6
42003434000,0.7273329799688425,2,18,1307,0.7083319277108433,"Ben Avon borough (Allegheny, PA)","Allegheny County, PA",1878,97175.0,779,23,1686,36,24,35,0.019001052257999196,0.029525032092426188,0.10223642172523961,"Ben Avon borough (Allegheny, PA) 434000",0.7273329799688425,2
42003562500,0.7274707420118792,9,17,7245,0.7298878812182384,"Pittsburgh city (Allegheny, PA)","Allegheny County, PA",2774,42292.0,1051,334,676,1814,12,101,-0.00241713920635922,0.31779257849666986,0.756308579668349,"Pittsburgh city (Allegheny, PA) 562500",0.7274707420118792,9
42003980700,0.7279449974545837,21,12,14185,0.7340786124665997,"Pittsburgh city (Allegheny, PA)","Allegheny County, PA",47,77411.0,39,0,47,0,0,0,-0.006133615012015925,0.0,0.0,"Pittsburgh city (Allegheny, PA) 980700",0.7279449974545837,21
42003980900,0.7290677048936487,2,1,405,0.7345168674698795,"Pittsburgh city (Allegheny, PA)","Allegheny County, PA",55,,0,0,24,31,0,0,-0.005449162576230848,NaN,0.5636363636363637,"Pittsburgh city (Allegheny, PA) 980900",0.7290677048936487,2
42003432400,0.7297144924525688,3,18,4176,0.7101626506024097,"Avalon borough (Allegheny, PA)","Allegheny County, PA",2452,59435.0,1255,203,1865,479,2,59,0.019551841850159124,0.16175298804780877,0.23939641109298537,"Avalon borough (Allegheny, PA) 432400",0.7297144924525688,3
42003260700,0.7304815345055365,3,14,7314,0.7020654618473895,"Pittsburgh city (Allegheny, PA)","Allegheny County, PA",1618,79310.0,647,74,1024,325,9,50,0.02841607265814705,0.1143740340030912,0.3671199011124846,"Pittsburgh city (Allegheny, PA) 260700",0.7304815345055365,3
42003462100,0.7306150636874508,2,30,5166,0.729658969210174,"Stowe township (Allegheny, PA)","Allegheny County, PA",2715,54458.0,1133,84,1717,978,10,0,0.0009560944772767366,0.07413945278022947,0.36758747697974214,"Stowe township (Allegheny, PA) 462100",0.7306150636874508,2
42003551200,0.7307321432519067,2,20,2180,0.7228457831325301,"McKeesport city (Allegheny, PA)","Allegheny County, PA",3172,29279.0,1735,428,1287,1437,0,285,0.0078863601193766,0.24668587896253602,0.5942622950819672,"McKeesport city (Allegheny, PA) 551200",0.7307321432519067,2
42003430200,0.7316780666289319,2,30,9834,0.7393066265060242,"West View borough (Allegheny, PA)","Allegheny County, PA",4608,78718.0,1846,118,4040,144,24,253,-0.007628559877092322,0.06392199349945829,0.12326388888888884,"West View borough (Allegheny, PA) 430200",0.7316780666289319,2
42003160800,0.7325865997706318,3,21,6629,0.7059373493975905,"Pittsburgh city (Allegheny, PA)","Allegheny County, PA",2334,54138.0,1248,205,1968,144,35,120,0.026649250373041333,0.1642628205128205,0.15681233933161953,"Pittsburgh city (Allegheny, PA) 160800",0.7325865997706318,3
42003980400,0.7328179103152944,2,4,2172,0.7257927710843374,"Pittsburgh city (Allegheny, PA)","Allegheny County, PA",0,,0,0,0,0,0,0,0.007025139230957045,NaN,NaN,"Pittsburgh city (Allegheny, PA) 980400",0.7328179103152944,2
42003473100,0.7349492078112638,3,20,2684,0.7368514711934157,"Mount Lebanon township (Allegheny, PA)","Allegheny County, PA",4823,108050.0,2029,228,4198,58,193,112,-0.0019022633821518253,0.11237062592410055,0.12958739373833716,"Mount Lebanon township (Allegheny, PA) 473100",0.7349492078112638,3
42003435000,0.7352145804251636,2,28,2339,0.7083319277108433,"Emsworth borough (Allegheny, PA)","Allegheny County, PA",2524,59611.0,1103,45,2027,203,21,167,0.026882652714320332,0.04079782411604715,0.19690966719492864,"Emsworth borough (Allegheny, PA) 435000",0.7352145804251636,2
42003562400,0.7361101961932814,6,52,9823,0.7727280181528583,"Pittsburgh city (Allegheny, PA)","Allegheny County, PA",2955,43371.0,1129,200,1283,1250,0,364,-0.03661782195957686,0.1771479185119575,0.5658206429780034,"Pittsburgh city (Allegheny, PA) 562400",0.7062392851516849,4
42003470300,0.7361296707705399,4,53,6056,0.7216911539257753,"Scott township (Allegheny, PA)","Allegheny County, PA",4008,70385.0,1814,168,3755,61,6,26,0.014438516844764604,0.0926130099228225,0.06312375249501001,"Scott township (Allegheny, PA) 470300",0.7361296707705399,4
42003451105,0.7363779822125736,2,7,686,0.7390574786952688,"Moon township (Allegheny, PA)","Allegheny County, PA",5697,96821.0,2157,52,4843,132,504,84,-0.002679496482695276,0.02410755679184052,0.14990345796033,"Moon township (Allegheny, PA) 451105",0.7363779822125736,2
42003473200,0.7371262518088908,3,7,1092,0.7368514711934157,"Mount Lebanon township (Allegheny, PA)","Allegheny County, PA",3085,76625.0,1495,246,2608,62,77,170,0.0002747806154751453,0.1645484949832776,0.1546191247974068,"Mount Lebanon township (Allegheny, PA) 473200",0.7371262518088908,3
42003261400,0.7374533603702279,4,45,12210,0.7302957831325301,"Pittsburgh city (Allegheny, PA)","Allegheny County, PA",2174,44958.0,990,150,887,1101,56,68,0.007157577237697832,0.15151515151515152,0.591996320147194,"Pittsburgh city (Allegheny, PA) 261400",0.7374533603702279,4
42003451300,0.7378888458964299,2,9,263,0.7390574786952688,"Moon township (Allegheny, PA)","Allegheny County, PA",7291,110982.0,2879,68,5987,250,416,88,-0.0011686327988389422,0.023619312261201807,0.17885063777259635,"Moon township (Allegheny, PA) 451300",0.7378888458964299,2
42003161000,0.7396591458509737,2,21,3543,0.7381987876506024,"Pittsburgh city (Allegheny, PA)","Allegheny County, PA",2902,55700.0,1170,262,1558,1119,0,11,0.00146035820037127,0.22393162393162394,0.46312887663680224,"Pittsburgh city (Allegheny, PA) 161000",0.7396591458509737,2
42003562600,0.7403959076874257,13,34,10658,0.7225550478709362,"Pittsburgh city (Allegheny, PA)","Allegheny County, PA",2712,40020.0,1385,201,1656,698,14,97,0.01784085981648953,0.14512635379061373,0.3893805309734514,"Pittsburgh city (Allegheny, PA) 562600",0.7403959076874257,13
42003428200,0.7454350728121931,2,32,2626,0.7303819277108434,"Reserve township (Allegheny, PA)","Allegheny County, PA",2028,75795.0,944,58,1870,66,15,19,0.015053145101349696,0.0614406779661017,0.07790927021696248,"Reserve township (Allegheny, PA) 428200",0.7454350728121931,2
42003260200,0.7462851771417323,4,18,5753,0.7148701807228915,"Pittsburgh city (Allegheny, PA)","Allegheny County, PA",2167,56696.0,965,144,1363,662,0,48,0.03141499641884071,0.14922279792746113,0.3710198431010614,"Pittsburgh city (Allegheny, PA) 260200",0.7462851771417323,4
42003473601,0.7479581912600431,3,28,3528,0.7368514711934157,"Mount Lebanon township (Allegheny, PA)","Allegheny County, PA",3888,127206.0,1600,157,3467,28,70,82,0.011106720066627496,0.098125,0.10828189300411528,"Mount Lebanon township (Allegheny, PA) 473601",0.7479581912600431,3
42003445500,0.7515571298019742,2,27,3586,0.7462204819277108,"Sewickley borough (Allegheny, PA)","Allegheny County, PA",3873,77454.0,1663,237,3168,269,18,67,0.005336647874263356,0.14251352976548406,0.18202943454686293,"Sewickley borough (Allegheny, PA) 445500",0.7515571298019742,2
42003180300,0.7541561720567705,5,19,4298,0.7348537710843374,"Pittsburgh city (Allegheny, PA)","Allegheny County, PA",1966,42029.0,970,287,1071,779,0,91,0.019302400972433187,0.2958762886597938,0.45523906408952186,"Pittsburgh city (Allegheny, PA) 180300",0.7541561720567705,5
42003473602,0.7578604991749175,2,18,2424,0.74830375,"Mount Lebanon township (Allegheny, PA)","Allegheny County, PA",4680,104864.0,1869,172,3779,111,536,43,0.009556749174917445,0.09202782236490102,0.1925213675213675,"Mount Lebanon township (Allegheny, PA) 473602",0.7578604991749175,2
42003191400,0.7651224173819743,2,22,3495,0.778475,"Pittsburgh city (Allegheny, PA)","Allegheny County, PA",2429,71295.0,1473,345,2041,163,66,17,-0.013352582618025743,0.23421588594704684,0.1597365170852203,"Pittsburgh city (Allegheny, PA) 191400",0.7651224173819743,2
42003980600,0.7667533921828714,3,19,2843,0.7692244979919679,"Pittsburgh city (Allegheny, PA)","Allegheny County, PA",12,,8,8,12,0,0,0,-0.0024711058090964855,1.0,0.0,"Pittsburgh city (Allegheny, PA) 980600",0.7667533921828714,3
42003281400,0.7694340219001813,3,18,3962,0.7465883179012346,"Pittsburgh city (Allegheny, PA)","Allegheny County, PA",2471,37533.0,1097,200,1335,851,0,0,0.022845703998946698,0.18231540565177756,0.4597329016592473,"Pittsburgh city (Allegheny, PA) 281400",0.7694340219001813,3
42003464300,0.7735228540431373,7,29,7269,0.7356337616999161,"Ingram borough (Allegheny, PA)","Allegheny County, PA",3351,67879.0,1500,279,2781,365,100,52,0.03788909234322113,0.186,0.1700984780662489,"Ingram borough (Allegheny, PA) 464300",0.7735228540431373,7
42003501000,0.7812436163524791,2,16,1567,0.7414977539788785,"Versailles borough (Allegheny, PA)","Allegheny County, PA",1620,41382.0,809,121,1420,94,0,7,0.03974586237360056,0.14956736711990112,0.12345679012345678,"Versailles borough (Allegheny, PA) 501000",0.7812436163524791,2
42003191900,0.7843324257425742,2,15,2828,0.7765968441358024,"Pittsburgh city (Allegheny, PA)","Allegheny County, PA",2159,64000.0,1044,100,2022,60,31,46,0.007735581606771791,0.09578544061302682,0.06345530338119498,"Pittsburgh city (Allegheny, PA) 191900",0.7843324257425742,2
42003191700,0.7846460922551178,2,20,3768,0.7765968441358024,"Pittsburgh city (Allegheny, PA)","Allegheny County, PA",3427,97069.0,1454,93,2833,106,30,371,0.0080492481193154,0.0639614855570839,0.17332944266121975,"Pittsburgh city (Allegheny, PA) 191700",0.7846460922551178,2
42003191500,0.7861030796789111,10,39,9708,0.7778694034843076,"Pittsburgh city (Allegheny, PA)","Allegheny County, PA",1995,77155.0,944,88,1790,96,18,73,0.008233676194603579,0.09322033898305085,0.10275689223057649,"Pittsburgh city (Allegheny, PA) 191500",0.7669606510892875,7
42003563000,0.7867609621139253,2,34,6238,0.7943621064814814,"Pittsburgh city (Allegheny, PA)","Allegheny County, PA",3361,69327.0,1298,126,1563,1298,186,124,-0.007601144367556101,0.0970724191063174,0.5349598333829217,"Pittsburgh city (Allegheny, PA) 563000",0.7867609621139253,2
42003473300,0.7908166362665925,3,7,1330,0.7684522170781894,"Mount Lebanon township (Allegheny, PA)","Allegheny County, PA",5920,127255.0,2412,185,5473,70,62,95,0.02236441918840304,0.07669983416252073,0.07550675675675678,"Mount Lebanon township (Allegheny, PA) 473300",0.7281295499598515,2
42003472200,0.7921975691130805,3,8,1630,0.774742829218107,"Dormont borough (Allegheny, PA)","Allegheny County, PA",2325,60625.0,1245,170,2029,124,0,138,0.01745473989497348,0.13654618473895583,0.12731182795698925,"Dormont borough (Allegheny, PA) 472200",0.7547167297979799,2
42003202200,0.7982633360213905,2,35,7802,0.7943621064814814,"Pittsburgh city (Allegheny, PA)","Allegheny County, PA",2548,53521.0,1191,182,1461,619,182,35,0.0039012295399091235,0.1528127623845508,0.42660910518053374,"Pittsburgh city (Allegheny, PA) 202200",0.7982633360213905,2
42003192000,0.8030707827920373,3,11,2632,0.774742829218107,"Pittsburgh city (Allegheny, PA)","Allegheny County, PA",3571,75735.0,1474,243,2702,489,0,126,0.028327953573930253,0.16485753052917232,0.24334920190422848,"Pittsburgh city (Allegheny, PA) 192000",0.7600308838912133,2
42003468800,0.8043396544101391,2,6,662,0.7754914634146342,"Carnegie borough (Allegheny, PA)","Allegheny County, PA",2522,65653.0,1287,210,2238,176,58,13,0.028848190995504952,0.16317016317016317,0.11260904044409203,"Carnegie borough (Allegheny, PA) 468800",0.8043396544101391,2
42003320600,0.8078324531726867,3,13,3313,0.8289090277777779,"Pittsburgh city (Allegheny, PA)","Allegheny County, PA",2232,92143.0,964,40,2067,55,3,47,-0.02107657460509116,0.04149377593360996,0.07392473118279574,"Pittsburgh city (Allegheny, PA) 320600",0.7894049382716049,1
42003191600,0.8094001715304581,3,16,4376,0.774742829218107,"Pittsburgh city (Allegheny, PA)","Allegheny County, PA",4076,60109.0,1822,194,2957,851,55,146,0.03465734231235107,0.10647639956092206,0.2745338567222767,"Pittsburgh city (Allegheny, PA) 191600",0.7497554687500001,2
42003472100,0.8184834485218007,2,6,1956,0.7957048688271605,"Dormont borough (Allegheny, PA)","Allegheny County, PA",2157,73383.0,1157,114,1963,36,0,106,0.022778579694640144,0.09853068280034573,0.08993973110802045,"Dormont borough (Allegheny, PA) 472100",0.76378875,1
42003475101,0.8245033412493276,4,19,8490,0.8144404706790124,"Bethel Park municipality (Allegheny, PA)","Allegheny County, PA",4606,92863.0,2319,242,4143,180,164,91,0.010062870570315186,0.10435532557136697,0.1005210594876248,"Bethel Park municipality (Allegheny, PA) 475101",0.7328187500000001,1
42003475200,0.8282969448006505,3,3,1473,0.8037227109053499,"Bethel Park municipality (Allegheny, PA)","Allegheny County, PA",5390,104732.0,2241,118,5076,63,38,94,0.024574233895300668,0.052655064703257475,0.058256029684601085,"Bethel Park municipality (Allegheny, PA) 475200",0.7328187500000001,1
42003320700,0.8392013141829296,3,3,1226,0.8289090277777778,"Pittsburgh city (Allegheny, PA)","Allegheny County, PA",1880,73314.0,722,58,1539,37,4,31,0.010292286405151896,0.08033240997229917,0.18138297872340425,"Pittsburgh city (Allegheny, PA) 320700",0.789404938271605,1
42003981200,0.8392479699945463,3,3,2807,0.8416477109053498,"Pittsburgh city (Allegheny, PA)","Allegheny County, PA",0,,0,0,0,0,0,0,-0.0023997409108035272,NaN,NaN,"Pittsburgh city (Allegheny, PA) 981200",,
42003476100,0.8397764780719236,3,15,8921,0.8416477109053498,"Castle Shannon borough (Allegheny, PA)","Allegheny County, PA",4961,59868.0,2297,323,3765,232,471,240,-0.0018712328334262729,0.14061819764910752,0.2410804273331989,"Castle Shannon borough (Allegheny, PA) 476100",,
