route_id,route_name,mode,avg_otp,weighted_lanes,weighted_func_cls,weighted_speed,arterial_share,divided_share,avg_truck_pct,match_rate,n_segments,stop_count,span_km
71B,HIGHLAND PARK,BUS,0.5879493975903615,2.4966240849301484,3.645041092226112,27.971810326757225,0.7748636509464228,0.12447866538338145,5.112388548784515,0.9304523970290345,98,107,8.00855276887158
88,PENN,BUS,0.6430156626506024,2.4310777767715273,3.295832555102666,30.0460549995921,0.8852654717897631,0.24948338177058035,5.113997456446205,0.9555757026291931,77,70,7.702739777369081
57,HAZELWOOD,BUS,0.661587951807229,2.414998070911711,3.0788082519057687,33.16065329638195,0.8744754060927694,0.34911773737628243,6.492272234273319,0.7648864333947207,64,79,8.74557903837226
71D,HAMILTON,BUS,0.6559621951219512,2.410149014119294,3.8861051631913015,26.43497781230104,0.6376322397398427,0.10293088544025028,4.134732722888257,0.9417206290471786,43,93,6.992827708097283
58,GREENFIELD,BUS,0.6076132530120482,2.4033068844446506,2.9702126141071443,31.98773316707436,0.874808593568744,0.3966559943080754,6.023276903116905,0.9950870924519875,107,102,6.756924482527202
12,MCKNIGHT,BUS,0.654610843373494,2.3942973050855705,2.9621293589971454,39.85921649492998,0.8717548567215679,0.5189946371165426,4.193614383788298,0.7618915159944367,137,108,16.35066654278593
93,LAWRENCEVILLE - HAZELWOOD,BUS,0.6605530120481927,2.3767999631956407,3.2806451483624746,30.974438595337485,0.8324225958319064,0.24372153412837566,5.363537755527743,0.9247359154929577,100,173,8.902574050474298
61D,MURRAY,BUS,0.6678686746987952,2.3764842054497226,3.3942870935452247,28.35668296479715,0.7698577284784182,0.22236797685073548,4.999013016262047,0.6450381679389313,51,75,5.6385721010378065
86,LIBERTY,BUS,0.628733734939759,2.3681130809527495,3.48860805180212,30.487122756513102,0.8164305437279038,0.2512386777115429,4.48177113801017,0.9134199134199135,84,142,9.903352732145715
71A,NEGLEY,BUS,0.6446518072289156,2.3675173703901655,3.8123760647367417,25.92105923909031,0.8469267771245323,0.04847675040085516,4.203498402828787,0.9987373737373737,42,72,5.918423835705078
87,FRIENDSHIP,BUS,0.6755170731707317,2.3590570060516436,3.5787125808888973,29.976783779435152,0.7877832894236222,0.17508847746965206,4.8091679824605515,0.8534405719392315,79,175,8.37811622720184
71C,POINT BREEZE,BUS,0.6080518072289156,2.3501546808372273,3.518787891077494,28.363414365545477,0.8808260792820579,0.2529705223845932,3.918854582862279,0.8458904109589042,60,100,6.65374995721062
65,SQUIRREL HILL,BUS,0.6150641975308642,2.346167269876027,2.9029007770476905,33.010611972611464,0.8586577675357026,0.41511959800917003,5.614355982728528,0.9664703217036701,134,70,7.949335087701236
81,OAK HILL,BUS,0.6691469879518073,2.3344424626360785,3.131103744008807,30.14585562752451,0.8529491358632142,0.3120548619226275,5.871831465328101,0.752724795640327,120,93,4.068262145780921
83,BEDFORD HILL,BUS,0.6541397590361445,2.325813138223222,3.2074780712770337,29.912973607751226,0.810624966969471,0.29793243568588995,5.819641441995116,0.7341559169938306,124,106,4.068262145780921
O12,MCKNIGHT FLYER,BUS,0.6471686746987952,2.317228367695376,2.7760354282422695,39.35718269868463,0.8811867219520128,0.5365500222384826,4.223223570834324,0.9583416783496895,232,64,16.413809486675728
64,LAWRENCEVILLE - WATERFRONT,BUS,0.680559756097561,2.3129496402877696,3.5058662247158976,28.33221006090525,0.7464359800503155,0.14325226935016405,4.482336229361423,0.6799254195152269,62,110,8.000338207867376
P16,PENN HILLS FLYER,BUS,0.6379180722891566,2.2961247938893488,3.6619438587346935,35.460826056866864,0.8120596726995445,0.21398033068946865,6.224435603609091,0.70547323858482,141,199,20.652907624999234
52L,HOMEVILLE LIMITED,BUS,0.6749771084337349,2.2925967162608383,3.127239039892837,33.526219816676715,0.777253281070075,0.355632916701619,5.709507651824666,0.8873190902825637,123,136,15.523676314067313
77,PENN HILLS,BUS,0.5577253012048192,2.291704000963592,3.375318247686398,34.576065631677615,0.8337451122672911,0.3043628981794573,5.563342346735228,0.9739816592023885,175,258,21.55636545853036
61B,BRADDOCK-SWISSVALE,BUS,0.5842313253012048,2.290013853939891,3.336644825332143,28.13960119014274,0.8035096647723524,0.19810662821491512,5.6782017982017985,0.979890310786106,143,137,12.970818848103756
56,LINCOLN PLACE,BUS,0.6623096385542169,2.2882729178751653,3.346642848259724,32.31827710203108,0.8693721872784419,0.3431302297190217,6.001937610689298,0.9751131221719457,146,142,18.414636794317335
P3,EAST BUSWAY-OAKLAND,BUS,0.8470578313253012,2.285869575581894,3.507360673500013,29.912091851653,0.8003013168308335,0.23016410324869127,4.285164766494008,0.43968327899394505,55,40,7.71174571972425
11,FINEVIEW,BUS,0.7557734939759037,2.2848145761321694,3.2974081601386453,31.695310917717443,0.8384205284433769,0.2460161696643037,6.013599586847994,0.47326732673267324,44,55,3.444644227353401
15,CHARLES,BUS,0.6856385542168675,2.283440977025639,3.264459417884449,34.306582795627726,0.8751304879187283,0.23829003539086965,5.320731217128914,0.9324215607401448,66,95,5.509012670599699
53L,HOMESTEAD PARK LIMITED,BUS,0.6500780487804878,2.276197161471472,2.994138739535933,34.66791042158971,0.8815817374836393,0.41297957751113257,5.834145497222778,0.7672858617131063,135,146,12.322998382877683
54,NORTH SIDE-OAKLAND-SOUTH SIDE,BUS,0.6672096385542169,2.2733644468418004,3.179311707607625,31.30658002901459,0.8659327184339162,0.3057689537217273,5.311489952559108,0.7806469920544835,150,211,7.796044980917041
61A,NORTH BRADDOCK,BUS,0.5899975903614457,2.265193672572023,3.3914457142853096,28.297946297683325,0.8595531755733548,0.20380320750241748,5.649867777037818,0.8268219383921863,140,187,12.970818848103756
55,GLASSPORT,BUS,0.7121536585365854,2.26156293302067,3.714071936147443,35.47153864836608,0.784631404606315,0.42965489533711043,5.804352217261142,0.7922860586580956,118,199,12.465259955456785
P67,MONROEVILLE FLYER,BUS,0.6799807228915663,2.255569697534122,3.32758675158351,34.463608410862605,0.8048406957853455,0.41974772089942985,4.963561312100976,0.5094278283485045,110,69,17.340406383062557
P12,HOLIDAY PARK FLYER,BUS,0.6679280487804878,2.24609845783014,2.8190980232665037,40.23607116615639,0.7873828614998647,0.4779127825466709,6.759550505272822,0.6000308024025874,165,62,24.969203381144393
28X,AIRPORT FLYER,BUS,0.6166469879518072,2.241941337818246,2.309577899364084,37.78600636252235,0.9219272166899044,0.5423167773681152,6.701299887098668,0.8116343490304709,283,74,29.003116140598706
16,BRIGHTON,BUS,0.7138240963855421,2.2352121360576396,3.7153126429476013,30.457792444186314,0.7837251142401027,0.14927654973773344,5.300509614977723,0.8361006963042313,75,95,9.22508834471124
67,MONROEVILLE,BUS,0.6035817073170732,2.2324596161226493,3.2496055837384885,33.697772372786766,0.850055074587439,0.4645728355188724,6.16817343637897,0.7053824362606232,235,191,22.276841676728523
P78,OAKMONT FLYER,BUS,0.5961602409638553,2.2311649287590543,3.68839405543493,32.86380803340583,0.7550644750457693,0.26736249303510307,4.803308415480958,0.6548927263212978,105,149,18.377446047902815
91,BUTLER STREET,BUS,0.6465373493975903,2.2231636189604664,3.194547857421527,33.48449439768583,0.9140699368370121,0.29000804657547213,5.502693163616777,0.7980022197558269,112,158,13.419994427708412
O1,ROSS FLYER,BUS,0.7058060240963855,2.2167183552753187,2.023817945359122,40.99628742634082,0.9463287395510279,0.46762513093306496,4.926983261316441,0.9702907711757269,158,7,7.885177660219192
2,MOUNT ROYAL,BUS,0.6322256097560975,2.21329055350899,3.4188387975805887,36.7876852973365,0.6841170899636659,0.3635528860176953,4.596686764861441,0.8811055515844651,153,187,13.848572886447071
75,ELLSWORTH,BUS,0.6881614457831325,2.2131500359466885,3.5708692900126966,30.160474127233407,0.7829879993363689,0.24186130108577433,4.92852133066213,0.8002853067047075,107,150,10.999978046254409
P17,LINCOLN PARK FLYER,BUS,0.689380487804878,2.202243057396517,3.903169673144516,30.595901170096262,0.7050428215130088,0.27347338465783366,4.784120830764955,0.5133446905167518,96,177,12.69086876843747
61C,MCKEESPORT-HOMESTEAD,BUS,0.5677506024096386,2.188336835235238,3.332938262573299,30.331827982052786,0.8259815592398597,0.3715057290227196,5.4030258323521485,0.9378004807692307,179,158,16.462887597685608
6,SPRING HILL,BUS,0.7247855421686747,2.187865644009521,2.830710942534173,37.592427295281176,0.8613911663581063,0.4019994710394076,5.592392491806535,0.4373650107991361,64,80,4.8477882512128785
21,CORAOPOLIS,BUS,0.7360734939759036,2.180347858861089,2.8247674030943504,35.7733513454563,0.9033984044459717,0.5644300088313435,7.471628057348205,0.9702038682697334,143,133,20.236530514416152
G2,WEST BUSWAY,BUS,0.8168280487804878,2.175135135135135,2.9864618128827773,34.626498405609745,0.8532655964234912,0.40525096525096527,6.75924901308632,0.4811940298507463,81,24,8.890523063033768
RED,Castle Shannon via Beechview,RAIL,0.827620987654321,2.172611417796084,3.225664279784849,32.29674216524738,0.8030626719762096,0.33103746873807205,5.400186002249329,0.31265508684863524,108,59,12.628217675640576
O5,THOMPSON RUN FLYER VIA 279,BUS,0.6921698795180723,2.1724,2.7842243374860587,38.68111293154134,0.8027392,0.3881472,4.296946178116579,0.7528506271379704,177,127,16.16884707272886
8,PERRYSVILLE,BUS,0.7659469879518073,2.170144746609083,3.1913613175527913,35.566929760290584,0.9016634050880626,0.1979300222687091,5.137653290762644,0.6650660264105642,70,119,8.943429869971231
39,BROOKLINE,BUS,0.789404938271605,2.169707782553456,3.6311858995108937,30.022314172106178,0.6289658403842169,0.22294307932131305,5.691764552407147,0.6372299872935197,64,69,6.419222994940436
29,ROBINSON,BUS,0.6510407407407407,2.1667950398225626,2.903196687488814,36.36421741656236,0.8454884564976308,0.40264139530194576,7.717797901999719,0.7709102091020911,146,131,17.067718520592095
69,TRAFFORD,BUS,0.6026573170731707,2.164810518373937,3.2486991146862825,32.495525766623125,0.8643513952655987,0.3919000692675918,5.5045981163997695,0.873137179977073,222,209,22.574311709378655
P69,TRAFFORD FLYER,BUS,0.6454650602409638,2.164611389161206,3.2882936903742626,34.001035504729735,0.8254691020415184,0.3715623548836489,5.6594385557561155,0.5907247845919918,122,128,22.574311709378655
13,BELLEVUE,BUS,0.712666265060241,2.1610700179533215,3.5264519208941025,33.59803267514385,0.733113105924596,0.2749658886894075,5.500071933475922,0.7668763102725367,88,133,9.35692555158862
36,BANKSVILLE,BUS,0.7328187500000001,2.1610023082597625,2.781908641280485,35.82734622427015,0.9314803797920187,0.5740951383766033,4.454979356492028,0.8747169811320755,105,78,12.14128048404031
P68,BRADDOCK HILLS FLYER,BUS,0.6795807228915662,2.155230737444245,3.528908764417177,33.05510994461156,0.7854593479960622,0.2756169000846706,5.235315343430305,0.5170933375735411,115,175,21.088131221771317
89,GARFIELD COMMONS,BUS,0.722351219512195,2.1542784737691854,3.724141721128303,29.337988299272595,0.7820604524738918,0.3022010586335861,3.910698739238384,0.5297549591598599,29,54,3.067484551879533
51,CARRICK,BUS,0.7006710843373495,2.1533407998913954,3.5183002622631308,32.50958322964621,0.8035325546779926,0.4156691054190727,5.153863299898531,0.8633879781420765,98,141,12.104660004294889
P71,SWISSVALE FLYER,BUS,0.6818679012345679,2.150832532087969,3.3255224151636256,30.53176981714134,0.7079727729194328,0.198632541245059,4.893454114652581,0.3063451047947172,78,111,10.76040911938259
60,MCKEESPORT - WALNUT,BUS,0.7833819277108435,2.145804395783969,3.5998925702847364,30.947842157488434,0.8440368221804614,0.29275267587221177,5.484445289837843,0.7997043606799704,42,88,5.058923463300133
82,LINCOLN,BUS,0.6079463414634146,2.1414438118332324,3.6361656312498547,28.523110282950622,0.7538920172242465,0.15414325623253983,4.728592647047792,0.946949602122016,113,136,10.139159614402985
P76,LINCOLN HIGHWAY FLYER,BUS,0.6996135802469136,2.137187172387839,3.243265607162759,35.605436881747174,0.8829332544824063,0.4985282653692105,5.335938673207428,0.6764163979732842,155,100,20.75113983556403
59,MON VALLEY,BUS,0.689755421686747,2.136413889846527,3.7770161937067037,31.99501850964211,0.7783645787515305,0.3449874582436786,5.598009927514294,0.7424289245982695,171,334,12.895827524446
7,SPRING GARDEN,BUS,0.7074795180722891,2.135400491874427,2.8141643334496274,37.152526836251624,0.9104209866422337,0.40367459131021843,5.5176630051111175,0.7037582903463523,65,67,5.529351642279202
G31,BRIDGEVILLE FLYER,BUS,0.7341548780487804,2.1318453955221437,3.0152582643274264,35.088320948191935,0.829892009043716,0.445323434552425,5.958808076037546,0.6492890995260664,120,78,14.177868183201774
44,VIA KNOXVILLE,BUS,0.72646625,2.131580380411529,3.642502640679737,28.89818666585255,0.6648177680967754,0.2255241355167451,6.249953367963508,0.4326771653543307,69,133,8.098706096774043
18,MANCHESTER,BUS,0.8840963855421686,2.1285563214290266,3.1686905632548807,33.2844746399683,0.898454521130888,0.33619580312663244,6.443756226020574,0.9049773755656109,50,43,2.140481159734372
31,BRIDGEVILLE,BUS,0.6748740740740741,2.1248982565329424,2.8598960165790297,35.81866240618857,0.8664900864763259,0.40342577561124776,5.678311391960681,0.9578444154715341,129,128,14.177868183201774
P7,MCKEESPORT FLYER,BUS,0.7169891566265061,2.124104362269026,3.308576430620868,31.86133374479237,0.8468199958476551,0.43338023945189047,5.0053829476256375,0.5997904662126768,129,101,16.690814353560626
24,WEST PARK,BUS,0.6971098765432099,2.1189551393531767,2.986035046432416,35.40861642884928,0.9330623618621855,0.37545920643114533,7.147990383296392,0.7891545975075783,99,98,13.922258487647591
4,TROY HILL,BUS,0.7532843373493976,2.11682055691996,3.1903095100059287,36.24361353671107,0.7680787646025696,0.3802680386826897,6.112558485028286,0.8046482412060302,79,96,6.669512989249653
P10,ALLEGHENY VALLEY FLYER,BUS,0.6431036144578314,2.1149717343876184,3.4263955440139773,37.63886884775731,0.8291599869821487,0.5231392307414149,6.064305764462317,0.7862522031725685,203,189,35.609612146488786
P13,MOUNT ROYAL FLYER,BUS,0.6792658536585365,2.1148661283467916,3.39047414183604,37.65124082969966,0.6521844453888653,0.38468338291542714,4.38279014585805,1.0,134,123,13.848572886447071
41,BOWER HILL,BUS,0.76378875,2.114007107381401,3.611028108097595,31.018839887736895,0.7601419335502655,0.29942520123308786,4.988379342161044,0.8184684684684684,96,138,14.172647691300227
40,MOUNT WASHINGTON,BUS,0.7615112500000001,2.1102301075491425,3.4643845946398684,30.975274540782518,0.6082167958843562,0.27829246327905843,6.861494420482279,0.5613577023498695,56,77,3.5505152436795564
17,SHADELAND,BUS,0.6683573170731708,2.105196259800405,3.3783967831510164,34.238751474164815,0.7923887189942236,0.27633052692515825,5.4895166435658815,0.7679765886287625,95,101,6.933390352884643
51L,CARRICK LIMITED,BUS,0.7352228915662651,2.09340655442271,3.6409931777075757,29.358461307650945,0.7464223125660728,0.24580858928786814,5.489110187705975,0.9203216374269005,59,50,8.460230278511208
G3,MOON FLYER,BUS,0.7420414634146342,2.0912596401028276,2.2182416792874173,40.15826909014868,0.9087747888358428,0.5895783602644142,6.761848371460158,0.7121740574655373,195,34,20.85468542273929
1,FREEPORT ROAD,BUS,0.6164829268292683,2.084691144834853,3.1483902042427605,37.42716361479007,0.8672734988951165,0.4028917214230313,6.144404837632073,0.9209821428571429,198,221,27.362454504961793
43,BAILEY,BUS,0.79543875,2.078113227021727,3.4700460674841356,30.6648880010043,0.7084997677659081,0.3812974144604428,6.435928492579419,0.8947368421052632,50,65,3.0808635703786256
22,MCCOY,BUS,0.7232444444444445,2.0773390569005077,2.9621277169010964,35.44791067934717,0.8329917240312475,0.437221233918581,7.081304614518286,0.9203379601689801,90,65,8.91323125286527
48,ARLINGTON,BUS,0.7499313253012049,2.075348154599189,3.4888039429412263,30.64087786412314,0.7224681681463742,0.344783930457782,6.113033267154133,0.9504617968094039,61,89,3.9666806534948136
19L,EMSWORTH LIMITED,BUS,0.6602963855421686,2.071844393547786,3.0926942401340654,33.27097769703001,0.8902201580194116,0.3738027160505937,5.846803580907565,0.9315762797769893,138,81,12.13634801782539
20,KENNEDY,BUS,0.698530487804878,2.0620815110113404,3.190905090110116,34.50361040925215,0.7701503657545381,0.3605439873050277,6.9634006291919635,0.9619417475728156,104,92,13.712067654834525
79,EAST HILLS,BUS,0.709910975609756,2.0379204892966363,4.476568897242115,31.895602336783195,0.6258045725935634,0.31360128149118977,4.697450345724947,0.5885885885885885,31,114,4.013750915271161
38,GREEN TREE,BUS,0.713946913580247,2.030718880240199,2.7560964337811598,36.00779318518259,0.8634343050629536,0.5529617602904596,5.0652010197421635,0.8720024914356899,154,131,12.261876259076415
74,HOMEWOOD-SQUIRREL HILL,BUS,0.6572341463414634,2.016633885267047,3.694728549263208,30.061399163385737,0.6878724385275802,0.26656238874265337,3.9507435648986813,0.5484042553191489,65,171,5.981898239920018
27,FAIRYWOOD,BUS,0.7843629629629629,1.9653652480785593,2.8571684024725568,33.64678275317768,0.8052335718569974,0.4421405755255192,6.634468559663722,0.7905282331511839,81,105,6.682186660737685
26,CHARTIERS,BUS,0.80436125,1.9638618220453075,2.7967315011632383,33.867913408908855,0.8359664379225278,0.4613330228428797,6.484253037799794,0.7386124737210932,78,81,5.737168533918969
14,OHIO VALLEY,BUS,0.7563674698795181,1.9160807724084303,3.033786841993432,38.02773819833029,0.9187132466101832,0.5877747898070599,5.573950776186659,0.8369289340101523,137,138,24.12865021014509
71,EDGEWOOD TOWN CENTER,BUS,0.7087638554216867,1.8935729471408065,3.4050238224796763,30.308901630125796,0.5942616248432758,0.09903149019679101,5.166089444360789,0.4750633981403212,32,95,4.127406434117842
