geoid,area_label,population,land_area_m2,pop_density,weekly_trips,boardings,boardings_per_1000,density_quartile,rail_served,expected_boardings,boardings_resid
42003982200,North Oakland,5498,505672.0,10872.660538847316,32306,7133.35,1297.4445252819207,4,false,620.3204091347316,1.0600387917758813
42003040600,,2302,252018.0,9134.26818719298,0,187.4,81.40747176368376,4,false,507.9531789131439,-0.43159693284856804
42003040400,North Oakland,1629,194956.0,8355.731549683005,12731,1562.2,958.9932473910375,4,false,458.59595043649915,0.5316383529703534
42003010302,Bluff,4631,580660.0,7975.4072951469025,21477,1070.25,231.1055927445476,4,false,434.72225382519133,0.3906810935250564
42003070600,Shadyside,2215,289738.0,7644.8377499672115,7627,596.55,269.32279909706546,4,false,414.10525339025355,0.15821602108009403
42003080700,Friendship,2034,275058.0,7394.804004973497,8616,571.3000000000001,280.8751229105212,4,false,398.596514697564,0.1560020542779097
42003010301,Bluff,2028,276652.0,7330.50908722872,2551,50.25,24.77810650887574,4,false,394.62069979041297,-0.887585137084016
42003070500,Shadyside,2996,412753.0,7258.578374960328,7810,1415.15,472.3464619492657,4,false,390.1787024385506,0.558734054911449
42003040500,Central Oakland,2840,473356.0,5999.712689814854,18002,4648.4,1636.7605633802816,4,false,313.52441634909536,1.169742546156439
42003090200,Central Lawrenceville,2657,446356.0,5952.647662404001,4293,323.2,121.64094843808807,4,false,310.7008133392208,0.017075075004104434
42003141300,Squirrel Hill South,5136,890591.0,5766.956998218037,13990,1041.2,202.72585669781932,4,false,299.59234097666814,0.5399731581618417
42003180700,Mount Washington,2259,394233.0,5730.113917404175,1860,66.45,29.415670650730412,4,false,297.3944071327059,-0.6458087247988513
42003090300,Bloomfield,1473,258047.0,5708.26244831368,9040,370.3,251.39171758316363,4,false,296.0917895718226,0.09683429941819499
42003070800,Shadyside,2530,446681.0,5663.99734933879,12499,2126.2000000000003,840.3952569169962,4,false,293.4552614107626,0.858789005500574
42003080200,Bloomfield,1867,344564.0,5418.441856955457,1707,170.1,91.10873058382431,4,false,278.8842398290074,-0.21372843466282765
42003472300,"Dormont borough (Allegheny, PA)",1847,342247.0,5396.687187908149,280,60.1,32.53925284244721,4,false,277.59789024509115,-0.6589366130500409
42003300100,Knoxville,4188,776097.0,5396.232687408919,7134,512.05,122.26599808978031,4,false,277.57102372450765,0.2652237517569187
42003080900,Bloomfield,2034,380225.0,5349.464133079098,7032,311.15,152.97443461160276,4,false,274.80819104532276,0.053756179410940685
42003070300,Shadyside,2278,428546.0,5315.648728491224,5634,534.4,234.59174714661984,4,false,272.8127399932599,0.2912247156751038
42003070900,Shadyside,4196,805691.0,5207.951931944132,14356,1218.7,290.44327931363205,4,false,266.46985399350007,0.6589781831871937
42003111300,East Liberty,2785,540629.0,5151.406972248991,7733,524.55,188.34829443447038,4,false,263.1471802346053,0.2987680614598922
42003110200,Highland Park,4054,806109.0,5029.096561383139,7601,558.4,137.74050320670943,4,false,255.9781732602599,0.33782622444421584
42003560500,"Wilkinsburg borough (Allegheny, PA)",2212,464334.0,4763.812255833086,3460,83.55,37.77124773960217,4,false,240.51650159394816,-0.45583319730019567
42003080600,Bloomfield,1892,404923.0,4672.49328884751,5633,413.45,218.52536997885835,4,false,235.22261401956155,0.2441506729055507
42003562000,North Oakland,2652,586698.0,4520.213124980825,12964,1299.8,490.1206636500754,4,false,226.42818332451867,0.7573662459814101
42003140800,Squirrel Hill South,4919,1089074.0,4516.681143797392,11752,1226.8,249.40028461069323,4,false,226.22470963114824,0.7326720719306965
42003472400,"Dormont borough (Allegheny, PA)",1870,425318.0,4396.710226230726,420,42.45,22.700534759358288,4,false,219.3271205615947,-0.7050781779426034
42003565100,Central Northside,2953,672618.0,4390.307722957162,9978,670.65,227.1080257365391,4,false,218.95977637706451,0.4847997496028027
42003473200,"Mount Lebanon township (Allegheny, PA)",3085,729800.0,4227.185530282269,1092,42.6,13.808752025931929,4,false,209.62710681517422,-0.6840277730352715
42003140100,Squirrel Hill North,6118,1467607.0,4168.690937015155,26431,3623.75,592.30957829356,4,false,206.2930731751211,1.242693268410107
42003151700,Greenfield,4919,1186540.0,4145.66723414297,18281,888.85,180.6972961984143,4,false,204.98263928382846,0.6354861862569972
42003040900,South Oakland,3722,912392.0,4079.3869301791337,15115,1491.8,400.8060182697474,4,false,201.21609060220865,0.8681859163852379
42003111400,Garfield,1302,327621.0,3974.1042240881993,3192,159.1,122.19662058371736,4,false,195.25140995341013,-0.08842145366505338
42003472100,"Dormont borough (Allegheny, PA)",2157,549884.0,3922.6455034152664,280,22.35,10.361613351877608,4,true,192.34436284048863,-0.9180446293763156
42003470501,"Scott township (Allegheny, PA)",4344,1128817.0,3848.2765585564357,1144,252.24999999999997,58.06860036832412,4,false,188.1528351932372,0.12673659875750687
42003080400,Bloomfield,1650,430386.0,3833.7678270203955,14014,1220.35,739.6060606060606,4,false,187.33646666055174,0.811905718287492
42003481000,"Mount Oliver borough (Allegheny, PA)",3357,879248.0,3818.0354120794136,6940,802.2,238.9633601429848,4,false,186.45175102318333,0.6319341981953919
42003270300,Brighton Heights,2213,593102.0,3731.2300413756825,5233,216.85,97.98915499322187,4,false,181.579789790948,0.07670486154466172
42003515200,"Swissvale borough (Allegheny, PA)",2018,545335.0,3700.477688026626,870,30.1,14.91575817641229,4,false,179.85773144793083,-0.7645766900282416
42003110600,Highland Park,2346,637590.0,3679.480543923211,1580,0.7,0.29838022165387895,4,false,178.68313254300543,-2.024058388967663
42003140300,Squirrel Hill North,3405,941940.0,3614.8799286578765,10381,1271.95,373.55359765051395,4,false,175.075432672593,0.8591125811414777
42003472200,"Dormont borough (Allegheny, PA)",2325,651963.0,3566.153293975272,792,29.85,12.838709677419354,4,true,172.3604066929953,-0.7496947487721994
42003515401,"Swissvale borough (Allegheny, PA)",2171,609231.0,3563.50875119618,3885,105.45,48.572086596038694,4,false,172.21320721243467,-0.21143533738506326
42003191900,Brookline,2159,608784.0,3546.413834791979,2828,274.9,127.32746641963872,4,false,171.2620595477505,0.20456206518712206
42003431100,"Bellevue borough (Allegheny, PA)",3244,924144.0,3510.2754549074602,6226,337.6,104.06905055487053,4,false,169.25354031707766,0.29859080220903467
42003191800,Brookline,5106,1457192.0,3503.999472958951,2548,138.95,27.213082647865257,4,false,168.90503498629042,-0.08423334619259792
42003170200,South Side Flats,3882,1111630.0,3492.1691570036796,20026,1536.65,395.8397733127254,4,false,168.24834373551758,0.9583330652024187
42003432400,"Avalon borough (Allegheny, PA)",2452,710868.0,3449.3042308839335,4176,288.85,117.80179445350734,4,false,165.8716556499629,0.23979072980231075
42003101400,Morningside,3301,964745.0,3421.6295497774026,10267,241.75,73.2353832172069,4,false,164.3394768485092,0.16678267943952418
42003051000,Terrace Village,2187,646293.0,3383.914107069085,5364,411.55,188.1801554641061,4,false,162.25429724165403,0.402611969689207
42003462600,"Stowe township (Allegheny, PA)",3669,1086094.0,3378.1606380294893,3291,343.35,93.58135731807032,4,false,161.93649963604227,0.32498170519255076
42003111500,East Liberty,3228,965267.0,3344.1524469395513,31834,2168.9,671.9021065675341,4,false,160.05963647078696,1.1294530053094043
42003130200,Homewood North,1161,348488.0,3331.5350887261543,3051,182.15,156.89061154177432,4,false,159.3640049950883,0.057700029041765966
42003030500,Crawford-Roberts,3044,927620.0,3281.51613807378,24814,1065.45,350.01642575558475,4,false,156.61008712204216,0.8303564894723814
42003140200,Squirrel Hill North,2468,759494.0,3249.5319252028326,10252,464.7,188.290113452188,4,false,154.852299994332,0.47539302216057644
42003459202,,633,195289.0,3241.3499992319075,0,0.0,0.0,4,false,154.4030400359828,-2.191459510333224
42003473100,"Mount Lebanon township (Allegheny, PA)",4823,1505105.0,3204.4275980745533,2684,73.4,15.218743520630314,4,false,152.3777253245952,-0.31418935711121976
42003423000,"Aspinwall borough (Allegheny, PA)",2890,908635.0,3180.595068426816,7398,137.45,47.56055363321799,4,false,151.0722271493195,-0.040756946297960894
42003563202,East Allegheny,1924,609332.0,3157.556143448892,12657,679.65,353.24844074844077,4,false,149.81154917031452,0.6544892477122621
42003101900,Garfield,2698,857102.0,3147.8167125966343,3690,191.45,70.95997034840623,4,false,149.27901316374917,0.1074195809087426
42003431500,"Bellevue borough (Allegheny, PA)",3144,1001061.0,3140.667751515642,4096,454.2,144.46564885496184,4,false,148.8882718112141,0.4824346011053815
42003090100,Central Lawrenceville,2073,672423.0,3082.8808651696922,4074,293.6,141.6304872165943,4,false,145.73456695029205,0.3027003078223083
42003040200,West Oakland,1843,604860.0,3046.9860794233377,34734,2767.5,1501.6277807921867,4,false,143.77992122921628,1.281536191843173
42003463900,"McKees Rocks borough (Allegheny, PA)",3078,1011302.0,3043.6012190226065,2472,178.0,57.82975958414555,4,false,143.59577079006618,0.09269744029937232
42003560400,"Wilkinsburg borough (Allegheny, PA)",1554,511709.0,3036.882290520589,14946,1746.3500000000001,1123.7773487773488,4,false,143.2303212581586,1.0833233334606795
42003050900,Bedford Dwellings,1380,455034.0,3032.74041060668,1980,261.8,189.71014492753622,4,false,143.00509850088653,0.2612474923230299
42003020100,Central Business District,4310,1427891.0,3018.437681867874,81357,36201.6,8399.443155452436,4,true,142.22770324468414,2.4027127340674346
42003464300,"Ingram borough (Allegheny, PA)",3351,1122813.0,2984.468473378916,7269,369.5,110.2655923604894,4,false,140.38352203672676,0.41838941604776103
42003151600,Greenfield,2425,819407.0,2959.457266047276,5469,140.1,57.77319587628866,4,false,139.02761193522718,0.0033133314424809157
42003290200,Carrick,4268,1454029.0,2935.292212191091,7263,673.55,157.81396438612933,4,false,137.71915140348005,0.6868777232238497
42003141200,Point Breeze,4081,1396263.0,2922.8017930719357,12283,213.45,52.303357020338154,4,false,137.04344660187922,0.19131025656610978
42003478100,"Brentwood borough (Allegheny, PA)",4357,1514329.0,2877.1819069700177,6136,401.45,92.13908652742712,4,false,134.57907827170698,0.47251925467574996
42003202200,Sheraden,2548,886977.0,2872.6787729557814,7802,202.1,79.3171114599686,4,false,134.33612651782815,0.17629618110815093
42003100500,Stanton Heights,2023,714843.0,2829.992040210228,1399,73.95,36.554621848739494,4,false,132.03585870021436,-0.24919707999801455
42003552000,,1801,639467.0,2816.408039820663,0,0.0,0.0,4,false,131.30490664567785,-2.1215759506850698
42003140400,Point Breeze,2254,834995.0,2699.4173617806096,6071,178.75,79.30346051464063,4,false,125.03105162603185,0.1541913389499503
42003431400,"Bellevue borough (Allegheny, PA)",1848,689810.0,2678.9985648221977,2530,57.0,30.844155844155843,4,false,123.94004356579279,-0.33327365948279564
42003160900,South Side Flats,3303,1246734.0,2649.3221489106736,7441,934.25,282.8489252194974,4,false,122.35653808396765,0.879765544166982
42003515100,"Swissvale borough (Allegheny, PA)",2911,1101841.0,2641.94198618494,16667,1282.8500000000001,440.6904843696325,4,false,121.9631378180993,1.0187393483146887
42003192000,Beechview,3571,1360695.0,2624.394151518158,956,25.85,7.238868664239709,4,true,121.02838957057426,-0.657516589815635
42003430200,"West View borough (Allegheny, PA)",4608,1761454.0,2616.020628412664,9834,394.7,85.65538194444444,4,false,120.58266295322304,0.5124943990180242
42003432300,"Avalon borough (Allegheny, PA)",2287,886333.0,2580.2943137624347,3161,56.900000000000006,24.879755137735028,4,false,118.68326591519028,-0.3153548679760474
42003191400,Mount Washington,2429,948673.0,2560.418605778809,3495,115.25,47.447509263071225,4,false,117.62821677635864,-0.00879504055854774
42003180300,Allentown,1966,768452.0,2558.3901141515676,4298,138.95,70.676500508647,4,false,117.52060633287444,0.07217903820587868
42003478200,"Brentwood borough (Allegheny, PA)",5625,2237593.0,2513.86199366909,5600,464.05,82.49777777777778,4,false,115.16154486043114,0.6024372695292617
42003473401,"Mount Lebanon township (Allegheny, PA)",3830,1527653.0,2507.113853735109,0,0.0,0.0,4,true,114.80456021826046,-2.063725661624855
42003130600,East Hills,3505,1400161.0,2503.2835509630677,9022,191.4,54.607703281027106,4,false,114.60199461694195,0.22123974016003345
42003191500,Mount Washington,1995,802608.0,2485.646791459841,8235,540.6,270.97744360902254,4,true,113.6698554084363,0.6742293907871426
42003290400,Carrick,3957,1604552.0,2466.108920122252,7087,266.35,67.3110942633308,4,false,112.63835832292287,0.3715552373774149
42003564700,"Wilkinsburg borough (Allegheny, PA)",2320,942558.0,2461.3869915697496,18804,1214.8,523.6206896551724,4,false,112.38924274057676,1.0302902841388808
42003465600,"Crafton borough (Allegheny, PA)",2479,1010398.0,2453.4886252743972,4807,672.2,271.15772488906816,4,false,111.97270229601868,0.7751705901423951
42003480101,"Baldwin borough (Allegheny, PA)",5599,2289294.0,2445.7321776932104,2422,219.9,39.274870512591534,4,false,111.56383555799529,0.29279683281919455
42003050600,Upper Hill,1960,804401.0,2436.595678026258,4712,169.95000000000002,86.7091836734694,4,false,111.08246319870368,0.18333143840584132
42003141400,Squirrel Hill South,4997,2053937.0,2432.888642640938,9554,739.65,148.01881128677206,4,false,110.88722620233314,0.8208325197903621
42003190300,Mount Washington,1913,788802.0,2425.196690677762,3128,79.3,41.45321484579195,4,false,110.48225486811616,-0.14249019900080473
42003551200,"McKeesport city (Allegheny, PA)",3172,1308013.0,2425.0523503971294,2180,85.65,27.00189155107188,4,false,110.47465731781571,-0.10940757891711894
42003402000,"Brackenridge borough (Allegheny, PA)",3214,1329046.0,2418.2759663698625,425,11.2,3.4847542003733665,3,false,110.11804686086002,-0.9594247684604478
42003101100,Upper Lawrenceville,2537,1049825.0,2416.5932417307645,11336,411.15,162.06148994875838,3,false,110.0295151196585,0.5696168609813257
42003260700,Perry North,1618,671347.0,2410.080033127429,7314,105.15,64.9876390605686,3,false,109.68692562731141,-0.018176326412379318
42003140500,Point Breeze North,1884,782035.0,2409.0993369861967,9084,343.05,182.0859872611465,3,false,109.6353534290668,0.4927276346192264
42003271600,Marshall-Shadeland,4310,1789995.0,2407.8279548266896,11172,533.7,123.82830626450117,3,false,109.56849936056967,0.6844787687272373
42003564800,"Wilkinsburg borough (Allegheny, PA)",1951,811955.0,2402.8425220609515,12711,218.7,112.09636084059457,3,false,109.30639593399597,0.2992293619027242
42003430100,"West View borough (Allegheny, PA)",2052,854401.0,2401.6825823003487,5423,53.1,25.87719298245614,3,false,109.24542473305388,-0.3091633098639768
42003281500,Crafton Heights,1480,617106.0,2398.291379438865,2353,110.2,74.45945945945945,3,false,109.06719367947953,0.004446893588212486
42003270100,Brighton Heights,2459,1039814.0,2364.8460205382885,7977,400.5,162.87108580723873,3,false,107.31137493384625,0.5690114806940185
42003522000,"Pitcairn borough (Allegheny, PA)",3084,1309388.0,2355.29881135309,485,22.45,7.279507133592737,3,false,106.8108226577604,-0.662519512914828
42003051100,Terrace Village,458,194599.0,2353.557829176923,2483,55.55,121.2882096069869,3,false,106.7195760939481,-0.2798620264135594
42003565200,Manchester,3011,1284592.0,2343.9348836050667,12891,473.65,157.30654267685154,3,false,106.21540497366114,0.6461162948676944
42003468800,"Carnegie borough (Allegheny, PA)",2522,1090886.0,2311.8822681746765,662,601.7,238.5804916732752,3,false,104.53825615557446,0.7566912775626431
42003424000,"Sharpsburg borough (Allegheny, PA)",3189,1384723.0,2302.9876733469437,21798,355.25,111.39855754154908,3,false,104.07344326379936,0.530261908666477
42003525200,"Oakmont borough (Allegheny, PA)",2565,1121761.0,2286.5833274645847,1320,41.0,15.984405458089668,3,false,103.21687000190659,-0.39468873524235026
42003160800,South Side Slopes,2334,1032625.0,2260.259048541339,6629,232.45000000000002,99.5929734361611,3,false,101.844179520657,0.3560141604916969
42003468900,"Carnegie borough (Allegheny, PA)",3805,1691784.0,2249.1050867013755,1859,106.95,28.107752956636006,3,false,101.2632491273734,0.02350305957376131
42003060300,Lower Lawrenceville,2448,1116677.0,2192.218519768922,15517,508.5,207.72058823529412,3,false,98.3069701089217,0.7101644567291499
42003130800,Homewood South,2177,1002798.0,2170.9257497521935,14740,656.4,301.5158474965549,3,false,97.2032720600719,0.8257037413480708
42003320400,Overbrook,1846,852854.0,2164.4970885989865,664,14.600000000000001,7.90899241603467,3,false,96.87035404861506,-0.7975265610391014
42003484500,"Munhall borough (Allegheny, PA)",5400,2512322.0,2149.4060076693995,1872,111.35,20.62037037037037,3,false,96.08940351872596,0.06340124380357892
42003561500,"Wilkinsburg borough (Allegheny, PA)",2737,1279790.0,2138.6321193320778,5455,121.25,44.300328827183044,3,false,95.53235011407652,0.10257598842466198
42003473402,"Mount Lebanon township (Allegheny, PA)",3759,1770114.0,2123.5920398347225,116,4.35,1.157222665602554,3,false,94.75539838953252,-1.2528094854726577
42003101800,Stanton Heights,2532,1197215.0,2114.9083497951497,2765,39.75,15.699052132701421,3,false,94.30717279629529,-0.36899797369692533
42003427000,"Millvale borough (Allegheny, PA)",3377,1602599.0,2107.202113566775,1358,163.04999999999998,48.28249925969795,3,false,93.9096238780382,0.2376659824084424
42003516200,"Edgewood borough (Allegheny, PA)",1688,809167.0,2086.0959480552224,4403,86.95,51.51066350710901,3,false,92.82188160886872,-0.02806829473190464
42003563900,"Forest Hills borough (Allegheny, PA)",3917,1894346.0,2067.732082734622,2048,233.15,59.5225938218024,3,false,91.87676583020699,0.4015870781971169
42003562700,Allegheny Center,1867,909691.0,2052.3452469025196,23829,1398.75,749.196572040707,3,false,91.08580257562758,1.18185779861243
42003476100,"Castle Shannon borough (Allegheny, PA)",4961,2420999.0,2049.1540888699255,0,0.0,0.0,3,true,90.92186794647404,-1.9634188410784392
42003509400,"Turtle Creek borough (Allegheny, PA)",5087,2520376.0,2018.3496430691296,8136,283.5,55.73029290347946,3,false,89.34130816663149,0.498195895758359
42003524000,"Verona borough (Allegheny, PA)",2629,1312704.0,2002.7363365998735,770,43.65,16.603271205781667,3,false,88.54152968965391,-0.30220304618963656
42003552100,"McKeesport city (Allegheny, PA)",1383,692361.0,1997.512858176587,760,9.25,6.688358640636298,3,false,88.27416290874457,-0.9400019212712263
42003420000,"Blawnox borough (Allegheny, PA)",1532,767755.0,1995.4282290574467,2639,53.65,35.01958224543081,3,false,88.16748825189842,-0.21261636694014818
42003516100,"Edgewood borough (Allegheny, PA)",1416,713472.0,1984.6609257265877,3950,122.85,86.75847457627118,3,false,87.61676141879775,0.14538013662827032
42003050100,Middle Hill,1561,790373.0,1975.016859128538,8668,556.25,356.34208840486866,3,false,87.12385373878767,0.8009565961531826
42003250900,Fineview,1268,643639.0,1970.0484277677394,1650,34.849999999999994,27.484227129337533,3,false,86.87005363352117,-0.38935173147921276
42003561400,"Wilkinsburg borough (Allegheny, PA)",3566,1824590.0,1954.4116760477698,6628,408.55,114.56814357823892,3,false,86.0718953893244,0.6724289319425272
42003483800,"Homestead borough (Allegheny, PA)",2905,1492076.0,1946.951763851171,13218,1421.5,489.328743545611,3,false,85.69143940444339,1.2150760611314912
42003170600,South Side Slopes,1630,840252.0,1939.8942222095277,12514,361.8,221.96319018404907,3,false,85.33169894102704,0.6234969908134804
42003417100,"Springdale borough (Allegheny, PA)",2131,1098642.0,1939.6673347641909,2280,65.65,30.80713280150164,3,false,85.32013706907965,-0.11231196754844319
42003507000,"East McKeesport borough (Allegheny, PA)",2074,1069830.0,1938.625762971687,150,24.45,11.788813886210221,3,false,85.26706252190368,-0.5301572234637741
42003120300,Lincoln-Lemington-Belmar,2093,1079674.0,1938.5481173020744,5459,193.85,92.61825131390349,3,false,85.26310615878762,0.35387531797732086
42003476200,,3322,1717185.0,1934.5615061859962,0,0.0,0.0,3,false,85.06000299229427,-1.9348013568468954
42003450800,"Coraopolis borough (Allegheny, PA)",2628,1367943.0,1921.1326787738965,2612,82.1,31.24048706240487,3,false,84.37630091951831,-0.01173631050856705
42003434000,"Ben Avon borough (Allegheny, PA)",1878,981713.0,1912.9827149075138,1307,42.55,22.657082002129926,3,false,83.9616993128578,-0.29023503077338186
42003473602,"Mount Lebanon township (Allegheny, PA)",4680,2450846.0,1909.5447041552184,2424,92.14999999999999,19.690170940170937,3,false,83.78687901062172,0.040854209972957634
42003552300,,1586,830981.0,1908.587560967098,0,0.0,0.0,3,false,83.73821710896895,-1.928079322210614
42003473601,"Mount Lebanon township (Allegheny, PA)",3888,2078015.0,1871.016330488471,3528,87.75,22.569444444444443,3,false,81.83087875229877,0.02997609291619696
42003270800,Brighton Heights,2375,1270793.0,1868.9117739867943,3524,47.849999999999994,20.14736842105263,3,false,81.72420219973493,-0.2287680194190025
42003281400,Crafton Heights,2471,1328964.0,1859.343067231317,3962,54.0,21.853500607041685,3,false,81.23939995099894,-0.1747172433957609
42003510000,"East Pittsburgh borough (Allegheny, PA)",1866,1003868.0,1858.8101224463774,4530,209.95,112.51339764201501,3,false,81.21240871779901,0.409242157056799
42003561900,Lincoln-Lemington-Belmar,2007,1080836.0,1856.8959583137498,12070,337.35,168.0866965620329,3,false,81.11547425550513,0.6149411753379752
42003191700,Brookline,3427,1865135.0,1837.4005098826626,5392,308.35,89.97665596731835,3,false,80.12904041377607,0.5812737811397417
42003480102,"Baldwin borough (Allegheny, PA)",3110,1693850.0,1836.053959913806,285,21.6,6.945337620578778,3,false,80.06096331696345,-0.5547033213828187
42003477300,"Whitehall borough (Allegheny, PA)",6518,3552186.0,1834.9264368476202,8328,304.25,46.67842896594047,3,false,80.00396506413736,0.5761493949317353
42003465800,"Crafton borough (Allegheny, PA)",3565,1948263.0,1829.8350889997912,1106,51.85,14.544179523141654,3,false,79.7466518762818,-0.18407953190704718
42003550900,"McKeesport city (Allegheny, PA)",1807,989679.0,1825.8445415129552,2089,59.599999999999994,32.98284449363586,3,false,79.54504495032336,-0.12356620405358543
42003241300,Troy Hill,3458,1906191.0,1814.0889344247246,6263,189.25,54.72816657027183,3,false,78.95151040960933,0.3764979927779599
42003060500,Polish Hill,1203,663515.0,1813.0712945449613,7919,206.3,171.4879467996675,3,false,78.90015648028042,0.4140516722359924
42003477100,"Whitehall borough (Allegheny, PA)",3902,2161099.0,1805.5628178070508,180,21.75,5.574064582265505,3,false,78.52137991706431,-0.5435025066784045
42003473300,"Mount Lebanon township (Allegheny, PA)",5920,3299040.0,1794.4614190794898,492,44.3,7.483108108108108,3,true,77.96177169894068,-0.2413186822085427
42003261400,Perry South,2174,1211702.0,1794.170513872223,12210,375.15,172.56209751609936,3,false,77.94711425359539,0.6780248062459107
42003425000,"Etna borough (Allegheny, PA)",3413,1906207.0,1790.4666177387871,5186,161.29999999999998,47.26047465572809,3,false,77.76052122713746,0.3140099382448569
42003457200,"Bridgeville borough (Allegheny, PA)",3344,1896240.0,1763.4898536050289,2940,49.0,14.65311004784689,3,false,76.40319442470438,-0.1897888800212182
42003435000,"Emsworth borough (Allegheny, PA)",2524,1472771.0,1713.776276148838,2339,93.3,36.96513470681458,3,false,73.90978312554695,0.0999731530086565
42003515300,"Swissvale borough (Allegheny, PA)",1488,868385.0,1713.5256827328892,6447,151.95,102.11693548387096,3,false,73.89724078468603,0.310083662740829
42003486900,"Duquesne city (Allegheny, PA)",1589,929135.0,1710.1928137461189,5334,73.95,46.538703587161734,3,false,73.73045413994468,0.001274015695254871
42003471000,"Heidelberg borough (Allegheny, PA)",1254,743717.0,1686.1252331195872,1940,51.25,40.86921850079745,3,false,72.52744535311976,-0.14836318226825118
42003191600,Beechview,4076,2419037.0,1684.9680265328725,1024,12.8,3.140333660451423,3,true,72.46966528374169,-0.7262289748701836
42003552400,"McKeesport city (Allegheny, PA)",3412,2045381.0,1668.1488681081912,2178,11.65,3.414419695193435,3,false,71.63052541963032,-0.7590286604094478
42003470600,"Scott township (Allegheny, PA)",3114,1874525.0,1661.220842613462,1264,48.75,15.655105973025048,3,false,71.28522906262704,-0.16225647650088115
42003470400,"Scott township (Allegheny, PA)",2962,1790089.0,1654.6663322326433,1260,21.9,7.393652937204592,3,false,70.95874112669487,-0.4972480746889332
42003508000,"Wilmerding borough (Allegheny, PA)",1834,1111511.0,1650.0061627820148,3755,88.55,48.282442748091604,3,false,70.72672660106625,0.09638457883285279
42003261500,Perry South,1871,1135495.0,1647.739532098336,7247,291.35,155.71886691608765,3,false,70.61391284631515,0.6109056947842917
42003470502,"Scott township (Allegheny, PA)",3061,1863363.0,1642.7287651413064,2260,28.85,9.425024501796798,3,false,70.36459905766843,-0.37853849470602774
42003514000,"Rankin borough (Allegheny, PA)",1837,1121696.0,1637.6986277922003,9439,144.35,78.5792052259118,3,false,70.11443241597449,0.3104572879427905
42003464400,"McKees Rocks borough (Allegheny, PA)",2815,1723619.0,1633.1915579951253,7285,644.85,229.07637655417406,3,false,69.8903744360689,0.9595443936542671
42003512000,"North Braddock borough (Allegheny, PA)",2077,1280505.0,1622.0163138761661,3475,69.75,33.582089552238806,3,false,69.33521173115321,0.002553645036572627
42003130700,Homewood West,2068,1277523.0,1618.7575487877714,11134,261.75,126.5715667311412,3,false,69.17342740452386,0.5733700358795915
42003494000,"Elizabeth borough (Allegheny, PA)",1433,888039.0,1613.6678681904739,155,43.7,30.49546406140963,3,false,68.92084016560317,-0.19429911498830532
42003260200,Perry North,2167,1349071.0,1606.2905510532805,5753,262.7,121.227503461006,3,false,68.55492883804153,0.5787822191703462
42003485000,"Whitaker borough (Allegheny, PA)",1232,767480.0,1605.2535570959506,3568,89.95,73.01136363636364,3,false,68.50351395788059,0.11679594119876335
42003484300,"Munhall borough (Allegheny, PA)",3523,2224257.0,1583.8997022376464,5600,126.4,35.87851263128016,3,false,67.44584997573041,0.2698223069724004
42003473500,"Mount Lebanon township (Allegheny, PA)",3769,2382464.0,1581.9756353086555,1856,30.2,8.012735473600424,3,false,67.35065139470196,-0.340588063814097
42003562400,Beltzhoover,2955,1891449.0,1562.294304525261,7763,258.7,87.54653130287647,3,true,66.37783025606048,0.5859549281874115
42003477200,"Whitehall borough (Allegheny, PA)",4489,2899681.0,1548.1013256285778,3426,76.7,17.086210737357987,3,false,65.67739199815938,0.06644241419201902
42003523400,"Penn Hills township (Allegheny, PA)",5016,3253596.0,1541.6788070799203,2230,89.6,17.862838915470494,3,false,65.36073953604682,0.1352169804415082
42003261300,Summer Hill,2996,1957399.0,1530.6026006961279,9751,546.8,182.51001335113486,3,false,64.81509393906332,0.9202965224087563
42003457100,"Bridgeville borough (Allegheny, PA)",1433,940181.0,1524.1746004226848,1552,45.1,31.472435450104676,3,false,64.4986945662777,-0.15253171890271777
42003484600,"Munhall borough (Allegheny, PA)",1815,1202629.0,1509.193608336403,2574,90.4,49.807162534435264,3,false,63.76205160603527,0.14962559735930614
42003320600,Brookline,2232,1479651.0,1508.4638201846249,4719,194.2,87.00716845878136,3,true,63.726193582239716,0.47939974555013
42003479000,,1962,1307994.0,1500.0068807655082,0,0.0,0.0,3,false,63.3108470319858,-1.8082842296713215
42003262000,Spring Hill-City View,2466,1647931.0,1496.4218768868357,7031,248.15,100.62854825628548,3,false,63.1348787466722,0.5893666135083278
42003445500,"Sewickley borough (Allegheny, PA)",3873,2588391.0,1496.296347808349,3586,143.05,36.93519235734573,3,false,63.12871831615391,0.351460702471285
42003492800,"Clairton city (Allegheny, PA)",2429,1647081.0,1474.7301438119923,3355,230.35,94.83326471799094,3,false,62.07145865389113,0.5644366287961309
42003475101,"Bethel Park municipality (Allegheny, PA)",4606,3134673.0,1469.3717654122138,1044,10.65,2.312201476335215,3,true,61.80911639977713,-0.7316967584193599
42003525100,,1977,1357813.0,1456.0178758046948,0,0.0,0.0,3,false,61.15592449207882,-1.7934825304288369
42003290100,Carrick,1841,1266000.0,1454.1864139020538,5862,215.65,117.13742531233025,2,true,61.06640796796276,0.5429020816217527
42003202300,Banksville,3677,2532238.0,1452.0751998824755,1508,30.2,8.213217296709274,2,false,60.96323826673965,-0.2979795123674074
42003320700,Overbrook,1880,1313842.0,1430.9178729253595,3532,136.85,72.79255319148936,2,true,59.93053915778703,0.35457174934644176
42003191100,Duquesne Heights,2276,1604781.0,1418.2620556948268,1974,27.5,12.082601054481547,2,false,59.31385861473674,-0.3255722535972869
42003499400,"Glassport borough (Allegheny, PA)",2844,2036887.0,1396.2482945789334,2115,122.85,43.19620253164557,2,false,58.24309740706333,0.3202582542592145
42003450700,"Coraopolis borough (Allegheny, PA)",2882,2076919.0,1387.6323535005458,920,53.3,18.4941013185288,2,false,57.824677641183165,-0.03475972633504809
42003562500,Esplen,2774,2020589.0,1372.8670204578964,7245,782.5999999999999,282.1196827685652,2,false,57.10849928693835,1.129854767850499
42003418000,"Cheswick borough (Allegheny, PA)",1638,1198394.0,1366.829273177269,2736,48.85,29.822954822954824,2,false,56.815965169149905,-0.06438261742448326
42003120900,Larimer,1574,1153119.0,1364.9935522699739,20640,553.0500000000001,351.36594663278277,2,false,56.72706000773404,0.9821695194159088
42003475301,"Bethel Park municipality (Allegheny, PA)",4605,3387769.0,1359.3016525034618,0,0.0,0.0,2,true,56.45150792897786,-1.7593014320954916
42003403500,"Tarentum borough (Allegheny, PA)",4328,3185730.0,1358.5583210127663,3289,202.9,46.880776340110906,2,false,56.41553464993603,0.5503878124748769
42003475303,"Bethel Park municipality (Allegheny, PA)",4208,3104903.0,1355.2758330936588,0,0.0,0.0,2,true,56.25671390405268,-1.757826419230648
42003525300,"Oakmont borough (Allegheny, PA)",2192,1621773.0,1351.6071608048724,840,22.8,10.401459854014599,2,false,56.07927394136524,-0.37990148311728
42003428100,"Reserve township (Allegheny, PA)",1200,924353.0,1298.2053393021931,1920,12.1,10.083333333333334,2,false,53.50442056773333,-0.6191604313973509
42003489001,"Pleasant Hills borough (Allegheny, PA)",4836,3729072.0,1296.8373901067075,5091,204.85,42.35938792390405,2,false,53.438661713553294,0.5776434310983687
42003480300,"Baldwin borough (Allegheny, PA)",3680,2840625.0,1295.4895489548956,2640,41.550000000000004,11.290760869565219,2,false,53.3738793162561,-0.10649075452081647
42003562600,Elliott,2712,2093529.0,1295.4203166041648,10658,354.85,130.844395280236,2,false,53.37055200877915,0.8159032278702685
42003501000,"Versailles borough (Allegheny, PA)",1620,1253698.0,1292.1772229037615,1567,70.15,43.30246913580247,2,false,53.21471781896388,0.1180577027550862
42003310200,Lincoln Place,3272,2542386.0,1286.9800258497332,4476,91.3,27.903422982885086,2,false,52.96510517416335,0.23308867321929405
42003563100,Westwood,3491,2714772.0,1285.9275106712462,3563,141.95,40.66170151818963,2,false,52.91457242139903,0.42347799438040346
42003475304,"Bethel Park municipality (Allegheny, PA)",5564,4349270.0,1279.2951460819863,0,0.0,0.0,2,true,52.59628133938937,-1.7291346581664944
42003523200,"Penn Hills township (Allegheny, PA)",4040,3220297.0,1254.5426710641907,5628,195.2,48.31683168316832,2,false,51.41051703408913,0.5732805589691883
42003500300,,3673,2936712.0,1250.7184906112686,0,0.0,0.0,2,false,51.22762095059329,-1.7179002434980837
42003526302,"Plum borough (Allegheny, PA)",4989,4001953.0,1246.6413273719108,630,186.0,37.282020444978954,2,false,51.03271499208622,0.5555651191890134
42003513800,"Braddock borough (Allegheny, PA)",1814,1458664.0,1243.6037360214552,11116,256.65,141.48291069459756,2,false,50.88756512665603,0.6959668553056351
42003468700,"Carnegie borough (Allegheny, PA)",1740,1414458.0,1230.1531752798599,2182,183.35000000000002,105.37356321839083,2,false,50.24545589562969,0.5559877808377212
42003429400,"Ross township (Allegheny, PA)",4375,3558361.0,1229.4986371534537,45,0.0,0.0,2,false,50.214235134173336,-1.7093906910726253
42003518001,"Forest Hills borough (Allegheny, PA)",3129,2567927.0,1218.492581759528,3470,120.39999999999999,38.47874720357942,2,false,49.689620164114615,0.37929964983122666
42003480200,"Baldwin borough (Allegheny, PA)",3758,3100501.0,1212.062179628389,3038,104.55,27.82064928153273,2,false,49.38342600769141,0.3211705420153903
42003426400,"Shaler township (Allegheny, PA)",4203,3493080.0,1203.2361125425127,3120,41.75,9.933380918391626,2,false,48.96354209095445,-0.0677171003902386
42003455000,,1459,1215882.0,1199.9519690233099,0,0.0,0.0,2,false,48.807418844494975,-1.6972940359978237
42003426300,"Shaler township (Allegheny, PA)",6249,5212411.0,1198.8693907675356,2760,23.4,3.744599135861738,2,false,48.75596827546525,-0.3094553559015887
42003488200,"West Mifflin borough (Allegheny, PA)",3455,2936297.0,1176.6520893492723,7384,248.35,71.88133140376266,2,false,47.70156561081711,0.7092664498364702
42003520002,"Wilkins township (Allegheny, PA)",3196,2720572.0,1174.7529563635883,160,1.35,0.42240300375469336,2,false,47.61156851440255,-1.3156717720955409
42003486800,"Duquesne city (Allegheny, PA)",1506,1282175.0,1174.5666543178584,8429,300.05,199.2363877822045,2,false,47.602741072825346,0.7919778684694907
42003141100,Swisshelm Park,1432,1220859.0,1172.944623416791,165,13.75,9.60195530726257,2,false,47.52589391031829,-0.5171815240912525
42003488100,"West Mifflin borough (Allegheny, PA)",2001,1707709.0,1171.7453032103244,245,12.75,6.371814092953524,2,false,47.46908347674618,-0.5471621093684231
42003470300,"Scott township (Allegheny, PA)",4008,3429047.0,1168.8378724467761,6056,130.4,32.53493013972056,2,false,47.33139681157825,0.434366018485572
42003475200,"Bethel Park municipality (Allegheny, PA)",5390,4720556.0,1141.8146506470848,116,8.4,1.5584415584415585,2,true,46.05405362828436,-0.6994691895209139
42003488400,"West Mifflin borough (Allegheny, PA)",4233,3730322.0,1134.7545868694447,3278,77.64999999999999,18.34396409166076,2,false,45.72105378091377,0.22618609734822348
42003523300,"Penn Hills township (Allegheny, PA)",3926,3567824.0,1100.3906022270157,3909,275.1,70.07131940906775,2,false,44.1045378071722,0.7868461697396465
42003474203,,4844,4407424.0,1099.0546859117708,0,0.0,0.0,2,false,44.04184127829976,-1.653616135854398
42003552200,"McKeesport city (Allegheny, PA)",890,809820.0,1099.0096564668693,3500,15.5,17.415730337078653,2,false,44.039728172351914,-0.4361118165458171
42003161000,Mt. Oliver,2902,2646060.0,1096.7249419892219,3543,231.85000000000002,79.89317711922813,2,false,43.93252940442778,0.7145153750786721
42003413201,"McCandless township (Allegheny, PA)",4085,3779879.0,1080.7224252416547,621,42.6,10.428396572827417,2,false,43.18260276192112,-0.005764806962279101
42003429500,"Ross township (Allegheny, PA)",4428,4117962.0,1075.289184310103,6831,379.15,85.62556458897922,2,false,42.92834945306901,0.9372101092649614
42003401200,"Harrison township (Allegheny, PA)",2812,2616123.0,1074.8730086467647,175,0.2,0.07112375533428165,2,false,42.90888181643197,-1.5633711314544694
42003503002,"White Oak borough (Allegheny, PA)",5771,5396855.0,1069.3264873708856,421,12.75,2.2093224744411715,2,false,42.64953422153511,-0.5016769156004763
42003429201,"Ross township (Allegheny, PA)",4978,4689842.0,1061.443008101339,2347,14.7,2.9529931699477703,2,false,42.28124960851831,-0.440400138743106
42003474101,"Upper St. Clair township (Allegheny, PA)",4247,4058871.0,1046.350081093979,140,0.0,0.0,2,false,41.5772770124585,-1.6291778831173795
42003492900,"Clairton city (Allegheny, PA)",1756,1678348.0,1046.2669243804028,3330,120.65,68.70728929384966,2,false,41.57340243077687,0.4559737532502992
42003489002,"Pleasant Hills borough (Allegheny, PA)",3620,3460667.0,1046.0411244421957,412,18.75,5.179558011049724,2,false,41.562881794164106,-0.3334639249855418
42003429600,"Ross township (Allegheny, PA)",3601,3443795.0,1045.6487682919571,2530,26.2,7.275756734240489,2,false,41.54460163173836,-0.19427555744202607
42003429202,"Ross township (Allegheny, PA)",4514,4349598.0,1037.7970561877214,2351,13.2,2.924235711120957,2,false,41.178994186446246,-0.47280787482115927
42003451102,"Moon township (Allegheny, PA)",6088,5963556.0,1020.8674153474874,745,12.25,2.01215505913272,2,false,40.392049708909006,-0.49470105465675207
42003480400,"Baldwin borough (Allegheny, PA)",5119,5019302.0,1019.8629211790803,1680,29.150000000000002,5.694471576479782,2,false,40.34541673177661,-0.137140057184576
42003413400,"McCandless township (Allegheny, PA)",4442,4394219.0,1010.8736046155188,4363,44.45,10.006753714542999,2,false,39.92839091196944,0.04550921674094299
42003426800,,5225,5175928.0,1009.4808119432882,0,0.0,0.0,2,false,39.86382548854994,-1.6113390209063043
42003453004,"North Fayette township (Allegheny, PA)",7398,7432588.0,995.3464392214395,2216,70.5,9.529602595296026,2,false,39.20933463574728,0.249979155129759
42003523600,"Penn Hills township (Allegheny, PA)",4912,5034901.0,975.5901853879551,140,12.95,2.636400651465798,2,false,38.29678373380418,-0.44978279915713837
42003523800,"Penn Hills township (Allegheny, PA)",4604,4795646.0,960.0375006829112,2860,62.25,13.520851433536055,2,false,37.58027855972141,0.21469517080870038
42003475102,"Bethel Park municipality (Allegheny, PA)",1739,1826777.0,951.9498001124385,0,0.0,0.0,2,true,37.2083450792182,-1.5821582274678292
42003562300,Hazelwood,2966,3115857.0,951.9050457065264,16771,754.05,254.23128792987188,2,false,37.206288205484725,1.2958408644814177
42003427200,"Shaler township (Allegheny, PA)",4544,4775077.0,951.6076913524117,945,14.7,3.2350352112676055,2,false,37.192622413176,-0.3860798268719312
42003521100,"Monroeville municipality (Allegheny, PA)",4420,4688466.0,942.7390536691532,345,0.0,0.0,2,false,36.78532360970706,-1.5773231460538137
42003417200,"Springdale borough (Allegheny, PA)",1242,1319446.0,941.3041534098403,2508,41.3,33.25281803542673,2,false,36.71947683157474,0.04977470692417052
42003020300,Strip District,1471,1590870.0,924.6512914317324,21419,563.05,382.7668252889191,2,false,35.956356126640465,1.183628460063146
42003469000,"Green Tree borough (Allegheny, PA)",4870,5375269.0,906.0011694298463,5819,370.7,76.11909650924025,2,false,35.10407578841461,1.0126363289268752
42003523501,"Penn Hills township (Allegheny, PA)",4090,4584875.0,892.0635786144661,2101,32.0,7.823960880195599,2,false,34.46880728307956,-0.03133264472920594
42003456004,,5777,6490264.0,890.1024673264446,0,0.0,0.0,2,false,34.37953577863988,-1.5487521301537566
42003526301,,3839,4348413.0,882.8508239672727,0,0.0,0.0,2,false,34.04968281125666,-1.5446840920902876
42003427100,,5524,6263033.0,882.0007814105402,0,0.0,0.0,2,false,34.011042890080425,-1.5442050474877234
42003562800,Oakwood,1560,1776466.0,878.1479634285149,2858,145.8,93.46153846153847,2,false,33.83597523590028,0.6246980824306787
42003513000,"North Braddock borough (Allegheny, PA)",2243,2584742.0,867.7848698245318,11976,239.05,106.57601426660722,2,false,33.36564198622185,0.8441772489080805
42003486700,"Duquesne city (Allegheny, PA)",2146,2492427.0,861.0081659362542,9269,224.79999999999998,104.75302889095991,2,false,33.058518219998206,0.8214981883510029
42003563000,Windgap,3361,3938517.0,853.3668891107999,6238,199.85,59.46146980065457,2,false,32.71263205370176,0.7750791754548949
42003401300,"Harrison township (Allegheny, PA)",2845,3337386.0,852.4635747857754,250,15.899999999999999,5.5887521968365546,2,false,32.67177269450445,-0.2993792763771945
42003563201,North Shore,266,315777.0,842.3666068143026,6919,167.95,631.390977443609,2,false,32.215488171389616,0.7064175564165094
42003475402,"Bethel Park municipality (Allegheny, PA)",3250,3867976.0,840.2327211957883,0,0.0,0.0,2,true,32.11915853753436,-1.520079294080598
42003474201,"Upper St. Clair township (Allegheny, PA)",2695,3307057.0,814.9239641167359,140,14.65,5.435992578849722,2,false,30.979377233879394,-0.31035566016304617
42003474102,"Upper St. Clair township (Allegheny, PA)",3881,4788201.0,810.5340607046363,232,0.2,0.0515331100231899,2,false,30.782195340146203,-1.423002646546265
42003413300,"McCandless township (Allegheny, PA)",4550,5726892.0,794.4972595956062,313,59.95,13.175824175824175,2,false,30.06318975757524,0.29272766026869035
42003412003,,6542,8272797.0,790.7845436071985,0,0.0,0.0,2,false,29.89702952594755,-1.489916727887568
42003413500,"McCandless township (Allegheny, PA)",6879,8717229.0,789.1269117743724,3023,45.4,6.599796482046809,2,false,29.822879775110373,0.1776447682356601
42003429300,"Ross township (Allegheny, PA)",6533,8348163.0,782.567374403207,30,0.0,0.0,2,false,29.52967829179932,-1.4847222279202645
42003499300,"Glassport borough (Allegheny, PA)",1595,2059494.0,774.4620766071666,1175,14.65,9.184952978056426,2,false,29.16787604735844,-0.2850303931058271
42003551900,"McKeesport city (Allegheny, PA)",1395,1810718.0,770.4126208498508,15794,888.6,636.989247311828,2,false,28.987322763629038,1.4722570800984562
42003523702,"Penn Hills township (Allegheny, PA)",5198,7029186.0,739.4881854029757,3117,136.65,26.28895729126587,2,false,27.613077698063364,0.6822116415522679
42003460001,"Kennedy township (Allegheny, PA)",4883,6661893.0,732.9748466389358,4908,39.1,8.007372516895352,2,false,27.324682582212702,0.1509793209361472
42003482500,"West Homestead borough (Allegheny, PA)",1747,2387455.0,731.7415406782536,3200,86.80000000000001,49.68517458500287,2,false,27.270116481961775,0.4921669179801125
42003429700,"Ross township (Allegheny, PA)",2252,3132321.0,718.9556881303034,5563,611.15,271.3809946714032,2,false,26.705211771283125,1.3442963796886267
42003520001,"Wilkins township (Allegheny, PA)",3107,4378087.0,709.6706849361376,2450,97.5,31.380753138075313,2,false,26.295892645454035,0.557338929083842
42003521402,"Trafford borough (Allegheny, PA)",4008,5739326.0,698.3398399045462,165,0.35,0.08732534930139721,2,false,25.797437212401444,-1.2977594935288557
42003462100,"Stowe township (Allegheny, PA)",2715,4048132.0,670.6797110370907,5166,147.25,54.23572744014733,2,false,24.585595399982882,0.7629991741845492
42003562901,Hazelwood,1508,2251624.0,669.7388196253015,4640,61.35,40.683023872679044,2,false,24.544498904481927,0.3875390700819672
42003517000,"Braddock Hills borough (Allegheny, PA)",1625,2454360.0,662.0870613927867,6538,366.05,225.26153846153846,2,false,24.2105953233124,1.1631421271746243
42003413202,,2745,4146674.0,661.9763212637405,0,0.0,0.0,1,false,24.205766993892162,-1.40149991725312
42003475401,"Bethel Park municipality (Allegheny, PA)",3913,5916213.0,661.4028264364383,30,1.4,0.35778175313059035,1,false,24.180764184717006,-1.0208576642099496
42003459102,"Robinson township (Allegheny, PA)",6293,9541268.0,659.5559416211767,1880,4.2,0.6674082313681868,1,false,24.100266429861495,-0.6836749877428347
42003487000,"Dravosburg borough (Allegheny, PA)",1614,2502861.0,644.8620199044215,2240,37.05,22.955390334572492,1,false,23.460992925585757,0.19188057907882738
42003451105,"Moon township (Allegheny, PA)",5697,9296103.0,612.8374438192003,686,270.09999999999997,47.41091802703176,1,false,22.075099233117765,1.0699859402204428
42003490002,"South Park township (Allegheny, PA)",5027,8249911.0,609.3399068183887,0,0.0,0.0,1,true,21.92436578479772,-1.3602973295122789
42003490004,,4900,8126275.0,602.9823012388825,0,0.0,0.0,1,false,21.65069359903588,-1.3550815053167042
42003474202,,5294,8860748.0,597.4664892851033,0,0.0,0.0,1,false,21.413596341313937,-1.3505115462216781
42003498000,,2194,3704812.0,592.2027892373486,0,0.0,0.0,1,false,21.18763197397929,-1.3461109536284876
42003426700,,2218,3749824.0,591.494427471796,0,0.0,0.0,1,false,21.15724502756514,-1.3455157604017862
42003526201,"Plum borough (Allegheny, PA)",3633,6188706.0,587.0370962847484,480,11.55,3.179190751445087,1,false,20.966158005469996,-0.24311037739680796
42003551300,"McKeesport city (Allegheny, PA)",2303,3951643.0,582.7955612387051,1351,40.0,17.368649587494573,1,false,20.784517531779446,0.274635910791142
42003523701,"Penn Hills township (Allegheny, PA)",3812,6548443.0,582.1231092642938,60,0.0,0.0,1,false,20.75573786504481,-1.3375738173590555
42003412002,,4708,8198569.0,574.24655449018,0,0.0,0.0,1,false,20.418996607701462,-1.3307991220539486
42003521200,"Monroeville municipality (Allegheny, PA)",4194,7329548.0,572.204452443725,7437,402.1,95.87505960896519,1,false,20.331800890445408,1.27638527679796
42003414101,,5453,9637777.0,565.794373536553,0,0.0,0.0,1,false,20.05839073086907,-1.3234251796031522
42003421100,"O'Hara township (Allegheny, PA)",4959,8784749.0,564.5010460742817,12720,188.2,37.951199838677155,1,false,20.00328051229131,0.9546339993738928
42003523100,"Penn Hills township (Allegheny, PA)",3829,6801262.0,562.9837521330601,9142,168.85,44.09767563332463,1,false,19.93865016326171,0.9091168703074652
42003521301,"Monroeville municipality (Allegheny, PA)",4311,7669712.0,562.081079446008,2808,60.4,14.010670378102528,1,false,19.900212079780115,0.4680176781109311
42003504100,"North Versailles township (Allegheny, PA)",4860,8709648.0,558.0018848063664,5257,445.29999999999995,91.62551440329217,1,false,19.72662150073995,1.3330983702345298
42003519000,"Churchill borough (Allegheny, PA)",3127,5666780.0,551.8124931619014,1548,72.7,23.24912056283978,1,false,19.46358301193441,0.5564858102876566
42003451104,,4128,7652271.0,539.4477012118364,0,0.0,0.0,1,false,18.939385294977157,-1.2997117654543513
42003410000,,1235,2308607.0,534.9546284837567,0,0.0,0.0,1,false,18.749333517734293,-1.295552444040744
42003521302,"Monroeville municipality (Allegheny, PA)",4210,7972525.0,528.0635683174403,2647,53.3,12.660332541567696,1,false,18.458299861956245,0.44569493778942637
42003408002,,6129,11667041.0,525.3260016828604,0,0.0,0.0,1,false,18.34283523737714,-1.2865201325029534
42003492700,"Clairton city (Allegheny, PA)",1997,3847041.0,519.1002643330289,1530,59.300000000000004,29.69454181271908,1,false,18.080572599148255,0.4997259086002168
42003451101,"Moon township (Allegheny, PA)",3734,7373111.0,506.43480072387354,186,0.55,0.1472951258703803,1,false,17.54844507477696,-1.0779758101878611
42003411002,,5903,11741810.0,502.73339459589283,0,0.0,0.0,1,false,17.393296040958504,-1.2646595608931115
42003460002,"Kennedy township (Allegheny, PA)",3716,7541921.0,492.712665645795,6038,172.2,46.340150699677075,1,false,16.974098866337368,0.9839007614880124
42003490003,"South Park township (Allegheny, PA)",3775,7806764.0,483.5550299714453,210,15.6,4.132450331125828,1,false,16.59208695162178,-0.02520927488590563
42003421200,,4247,9247662.0,459.251213982518,0,0.0,0.0,1,false,15.583378507564067,-1.2196730134108704
42003428200,"Reserve township (Allegheny, PA)",2028,4421772.0,458.6396584898543,2626,16.5,8.136094674556213,1,false,15.558094509791534,0.024027691569409093
42003449000,,2455,5417042.0,453.1993660008544,0,0.0,0.0,1,false,15.333388307427565,-1.2130762870377652
42003491101,"Jefferson Hills borough (Allegheny, PA)",7475,16645820.0,449.0616863572957,1070,3.8,0.5083612040133779,1,false,15.162746849396601,-0.5272739334293144
42003521401,"Monroeville municipality (Allegheny, PA)",3230,7326082.0,440.89050600307235,342,0.05,0.015479876160990712,1,false,14.8264316117988,-1.1781937063798449
42003448000,"Leetsdale borough (Allegheny, PA)",1125,2588612.0,434.5958374603842,3040,92.2,81.95555555555555,1,false,14.567966187203861,0.7771840326932407
42003429100,"Ross township (Allegheny, PA)",2532,5841367.0,433.46018149518767,4205,84.0,33.175355450236964,1,false,14.5213925820007,0.7384882420687515
42003447000,,1655,3890221.0,425.4257020359512,0,0.0,0.0,1,false,14.192403885765598,-1.1816264974785495
42003413100,"McCandless township (Allegheny, PA)",6737,15950009.0,422.3822068062783,219,316.1,46.919994062639155,1,false,14.068015834210845,1.3231401741176545
42003414200,"Hampton township (Allegheny, PA)",5976,14189799.0,421.14761456451924,1680,21.349999999999998,3.5726238286479246,1,false,14.017594889998849,0.17267714271187584
42003564400,"North Versailles township (Allegheny, PA)",5694,13634064.0,417.6304291955796,820,28.25,4.961362838075167,1,false,13.874070187308288,0.29369604392635695
42003526202,"Plum borough (Allegheny, PA)",4591,11353167.0,404.380557425078,2305,25.5,5.5543454585057725,1,false,13.334970866982834,0.26684905927177605
42003488600,"West Mifflin borough (Allegheny, PA)",5041,12634746.0,398.9791326236396,15178,763.5500000000001,151.46796270581237,1,false,13.115931866769746,1.7336963391563263
42003437000,,7050,17747766.0,397.2330940130719,0,0.0,0.0,1,false,13.045218045764077,-1.1475284858186279
42003521500,"Monroeville municipality (Allegheny, PA)",4157,10484586.0,396.4868045338175,4550,387.84999999999997,93.30045706038007,1,false,13.01500737951429,1.4431887725197408
42003446000,"Edgeworth borough (Allegheny, PA)",1520,3875478.0,392.2096835538739,1976,22.1,14.539473684210526,1,false,12.842024041596199,0.2224123806799736
42003496200,,5667,14500164.0,390.82316586212403,0,0.0,0.0,1,false,12.786006459993214,-1.139438477664533
42003409001,,9310,24155865.0,385.41364591994534,0,0.0,0.0,1,false,12.567729403327924,-1.1325071733697878
42003414102,"Hampton township (Allegheny, PA)",6953,18148722.0,383.1123756262287,90,0.05,0.0071911405148856605,1,false,12.475006203835937,-1.1083396747362293
42003564100,,969,2572032.0,376.744923857868,0,0.0,0.0,1,false,12.218869841936726,-1.1211943263756767
42003401100,"Harrison township (Allegheny, PA)",4449,13179430.0,337.57150347169795,650,10.5,2.3600809170600137,1,false,10.65724395604942,-0.005898044875551012
42003456001,,4759,14474742.0,328.7796079543249,0,0.0,0.0,1,false,10.310255992438865,-1.0534724347084294
42003488300,"West Mifflin borough (Allegheny, PA)",1979,6211256.0,318.61510779784317,702,15.85,8.009095502779182,1,false,9.910772295383259,0.18874441293682875
42003459201,"Robinson township (Allegheny, PA)",7371,23636112.0,311.85332003842257,12281,557.45,75.6274589607923,1,false,9.646040143746596,1.7197961958105519
42003523502,"Penn Hills township (Allegheny, PA)",1446,4730234.0,305.6931221584387,920,20.8,14.38450899031812,1,false,9.405584316258015,0.32119002095494786
42003488500,"West Mifflin borough (Allegheny, PA)",2797,9604869.0,291.2064703849683,9393,92.9,33.21415802645692,1,false,8.842903719925923,0.9795423552666076
42003459101,"Robinson township (Allegheny, PA)",1706,6225779.0,274.02193364075407,784,31.5,18.464243845252053,1,false,8.18069628787576,0.5490077405058678
42003409002,,5418,19790372.0,273.7694875063491,0,0.0,0.0,1,false,8.17101219096814,-0.9624172707510259
42003422000,"Fox Chapel borough (Allegheny, PA)",5299,20376878.0,260.04965039296013,237,0.0,0.0,1,false,7.646681027107453,-0.9368494383069277
42003458002,,4582,17644419.0,259.68551302255975,0,0.0,0.0,1,false,7.632818467582945,-0.9361526085868297
42003416000,"Springdale township (Allegheny, PA)",1475,5835111.0,252.78010992421568,912,5.6000000000000005,3.796610169491526,1,false,7.370470210716023,-0.10320591960592562
42003563800,"Glen Osborne borough (Allegheny, PA)",3813,15304379.0,249.14437887352372,2128,30.5,7.998950957251508,1,false,7.232757929643348,0.5827652078868488
42003496101,,2928,11880402.0,246.4563067815382,0,0.0,0.0,1,false,7.131127617903836,-0.9101507773621993
42003407002,,6457,26237441.0,246.09869537200674,0,0.0,0.0,1,false,7.117619164914279,-0.909428672695002
42003404000,"East Deer township (Allegheny, PA)",1438,5888503.0,244.20468156337867,4560,24.9,17.315716272600834,1,false,7.046122034933694,0.507713148883993
42003458001,"Collier township (Allegheny, PA)",4277,17613048.0,242.83133731311017,5270,207.9,48.6088379705401,1,false,6.994329912175638,1.4171563731038943
42003456003,,7639,31614617.0,241.6287377449488,0,0.0,0.0,1,false,6.949011856776164,-0.9003131447795023
42003461000,"Neville township (Allegheny, PA)",946,3965383.0,238.56459766938025,7330,78.2,82.66384778012684,1,false,6.833692763930368,1.0047586469977916
42003451300,"Moon township (Allegheny, PA)",7291,31574227.0,230.91618363293583,263,14.45,1.9818954875874366,1,false,6.546786117418367,0.3111664418841009
42003526101,"Plum borough (Allegheny, PA)",7547,34306561.0,219.98707477558014,75,0.0,0.0,1,false,6.139211160537379,-0.8536502275251929
42003408001,,5727,26228025.0,218.35422224891124,0,0.0,0.0,1,false,6.078566189318107,-0.849945297360871
42003412004,,4055,18597920.0,218.0351351118835,0,0.0,0.0,1,false,6.06672279788001,-0.8492180558382496
42003491200,"Jefferson Hills borough (Allegheny, PA)",2198,10322674.0,212.9293243204232,3960,101.45,46.155595996360326,1,false,5.877557195210675,1.1730777519763138
42003981800,Lincoln-Lemington-Belmar,385,1822888.0,211.20332132308735,296,53.9,140.0,1,false,5.813758262828839,0.9061856227588563
42003419000,"Harmar township (Allegheny, PA)",3108,15189113.0,204.6202434599045,7138,237.95,76.56048906048906,1,false,5.571123908162023,1.5606673783307827
42003415002,,2550,13037170.0,195.59459606647764,0,0.0,0.0,1,false,5.240306004929654,-0.7952058866365785
42003564500,"Jefferson Hills borough (Allegheny, PA)",3079,16448225.0,187.19345096507374,775,3.4,1.104254628126015,1,false,4.934360120972921,-0.12992122103993609
42003565300,Hays,1223,6565373.0,186.28035299746108,1738,25.349999999999998,20.727718724448074,1,false,4.901225968479302,0.6498383746799945
42003526102,,2433,13797822.0,176.332177643689,0,0.0,0.0,1,false,4.541778106268881,-0.7436491325699501
42003564000,,7292,42738974.0,170.617104659555,0,0.0,0.0,1,false,4.336597295182653,-0.7272644317564407
42003564200,"White Oak borough (Allegheny, PA)",2171,13992433.0,155.15529000567665,235,27.6,12.713035467526485,1,false,3.7865628059461995,0.7763422713324966
42003415001,,4725,32452893.0,145.5956484372595,0,0.0,0.0,1,false,3.4504016648623628,-0.6483992093991571
42003411001,,4087,28251911.0,144.6627805106706,0,0.0,0.0,1,false,3.417765593970641,-0.6452026685417973
42003496102,,4313,32616397.0,132.23410298813815,0,0.0,0.0,1,false,2.985932755575574,-0.6005299676889027
42003453003,"North Fayette township (Allegheny, PA)",1930,15578664.0,123.88738854628356,261,11.75,6.0880829015544045,1,false,2.699184158809206,0.5374042321613188
42003407001,,5793,48681161.0,118.9988053078685,0,0.0,0.0,1,false,2.5325239353402287,-0.5480851131818749
42003439000,,1615,13860454.0,116.5185498252799,0,0.0,0.0,1,false,2.4483442916233504,-0.5376106204031128
42003497000,,998,12431396.0,80.28060565362088,0,0.0,0.0,1,false,1.2509060044931095,-0.35235735969075055
42003452000,"Findlay township (Allegheny, PA)",6375,83540938.0,76.30989252239424,243,306.65,48.101960784313725,1,false,1.123889250970056,2.160925052469688
42003980700,South Shore,47,620570.0,75.73682259857873,14997,824.05,17532.978723404256,1,false,1.1056355619374818,2.5930970618639306
42003406000,,2289,33295028.0,68.74900360498272,0,0.0,0.0,1,false,0.8847077436577442,-0.27524401493586437
42003495000,,3066,49019305.0,62.54678641404647,0,0.0,0.0,1,false,0.6913213978614308,-0.22822614340774683
42003563300,,1459,25355417.0,57.54194458722568,0,0.0,0.0,1,false,0.5372745973333626,-0.18675145074949473
42003405000,,1099,24194863.0,45.42286517596732,0,0.0,0.0,1,false,0.17257892913469908,-0.06914208578707925
42003980900,Marshall-Shadeland,55,1464152.0,37.564405881356585,405,12.25,222.72727272727272,1,false,-0.05664157800395897,1.1475391472319272
42003980600,Chateau,12,981768.0,12.222846945510549,2843,527.6999999999999,43974.99999999999,1,false,-0.7391807901666649,3.3068697355485286
42003980500,Squirrel Hill South,19,1611394.0,11.791033105497476,417,25.3,1331.578947368421,1,false,-0.7497044597788782,2.0215026370941303
42003980000,Lincoln-Lemington-Belmar,0,635743.0,0.0,9056,639.3,,,false,,
42003980100,Highland Park,0,1448449.0,0.0,821,18.450000000000003,,,false,,
42003981100,Point Breeze,0,875989.0,0.0,765,28.3,,,false,,
42003980400,Perry North,0,1106319.0,0.0,2172,71.4,,,false,,
42003980300,,0,1294128.0,0.0,0,0.0,,,false,,
42003981000,Central Lawrenceville,0,1378279.0,0.0,3733,43.15,,,false,,
42003981200,North Shore,0,461252.0,0.0,0,1632.3,,,true,,
42003980800,South Oakland,0,346128.0,0.0,3528,86.5,,,false,,
