route_id,route_name,mode,avg_otp,weighted_iri,weighted_opi,poor_share,penndot_lanes,match_rate,penndot_match_rate,n_segments,stop_count,span_km
71A,NEGLEY,BUS,0.6446518072289156,215.16142820481232,86.46985012568432,0.05832202696157646,2.3675173703901655,0.5416666666666666,0.9987373737373737,16,72,5.918423835705078
71B,HIGHLAND PARK,BUS,0.5879493975903615,207.99360377347307,85.11722389072845,0.1661939532281611,2.4966240849301484,0.6590141796083727,0.9304523970290345,34,107,8.00855276887158
71C,POINT BREEZE,BUS,0.6080518072289156,207.7793233227371,74.73827496113684,0.40109162991876807,2.3501546808372273,0.6904109589041096,0.8458904109589042,36,100,6.65374995721062
71D,HAMILTON,BUS,0.6559621951219512,205.60862438912548,68.69774473212519,0.21785731036284897,2.410149014119294,0.6244218316373727,0.9417206290471786,18,93,6.992827708097283
82,LINCOLN,BUS,0.6079463414634146,201.1284764943118,80.35024152062906,0.21227969521073645,2.1414438118332324,0.34549071618037136,0.946949602122016,35,136,10.139159614402985
41,BOWER HILL,BUS,0.76378875,198.50348367425772,74.9376520223865,0.550721581637362,2.114007107381401,0.3333333333333333,0.8184684684684684,39,138,14.172647691300227
88,PENN,BUS,0.6430156626506024,195.9589950220574,77.67272276638899,0.3335670573169391,2.4310777767715273,0.8658204895738894,0.9555757026291931,43,70,7.702739777369081
86,LIBERTY,BUS,0.628733734939759,190.1662068696119,79.35696213720409,0.3232159303296563,2.3681130809527495,0.47309833024118736,0.9134199134199135,40,142,9.903352732145715
87,FRIENDSHIP,BUS,0.6755170731707317,186.77605067068544,73.94255509763988,0.39565504881262076,2.3590570060516436,0.3610366398570152,0.8534405719392315,31,175,8.37811622720184
57,HAZELWOOD,BUS,0.661587951807229,185.74070958764983,79.95211454496622,0.33627617209413513,2.414998070911711,0.521792510742787,0.7648864333947207,39,79,8.74557903837226
61A,NORTH BRADDOCK,BUS,0.5899975903614457,184.60417537483715,84.14174779400382,0.15131332415749024,2.265193672572023,0.4977460555972953,0.8268219383921863,53,187,12.970818848103756
75,ELLSWORTH,BUS,0.6881614457831325,179.92202845171886,76.51623663483093,0.30012598400911805,2.2131500359466885,0.37624821683309556,0.8002853067047075,38,150,10.999978046254409
81,OAK HILL,BUS,0.6691469879518073,179.1442839401981,84.85903592222579,0.2328444700299514,2.3344424626360785,0.49114441416893734,0.752724795640327,42,93,4.068262145780921
83,BEDFORD HILL,BUS,0.6541397590361445,179.1442839401981,84.85903592222579,0.2328444700299514,2.325813138223222,0.4206393718452047,0.7341559169938306,42,106,4.068262145780921
26,CHARTIERS,BUS,0.80436125,178.73739663293725,84.40175679147848,0.3996031011991899,1.9638618220453075,0.3875262789067975,0.7386124737210932,40,81,5.737168533918969
64,LAWRENCEVILLE - WATERFRONT,BUS,0.680559756097561,177.46281864707757,84.71258653646652,0.05897718244742112,2.3129496402877696,0.5009322560596644,0.6799254195152269,33,110,8.000338207867376
27,FAIRYWOOD,BUS,0.7843629629629629,177.39290330634728,84.40175679147848,0.3885794573453061,1.9653652480785593,0.4596235579842137,0.7905282331511839,41,105,6.682186660737685
P78,OAKMONT FLYER,BUS,0.5961602409638553,176.69082383311044,79.89205380858051,0.3592108966714017,2.2311649287590543,0.32653061224489793,0.6548927263212978,51,149,18.377446047902815
61B,BRADDOCK-SWISSVALE,BUS,0.5842313253012048,176.53741320421167,84.22547830744683,0.15303994235782326,2.290013853939891,0.6787020109689214,0.979890310786106,56,137,12.970818848103756
31,BRIDGEVILLE,BUS,0.6748740740740741,174.49712284589867,81.33109162100517,0.3303997674483119,2.1248982565329424,0.5923511516731855,0.9578444154715341,65,128,14.177868183201774
19L,EMSWORTH LIMITED,BUS,0.6602963855421686,173.580667888177,81.86916149046647,0.16627278045736985,2.071844393547786,0.6041561074505829,0.9315762797769893,52,81,12.13634801782539
56,LINCOLN PLACE,BUS,0.6623096385542169,173.0115319509213,78.8226088077261,0.36837787211973383,2.2882729178751653,0.8196509372979961,0.9751131221719457,79,142,18.414636794317335
91,BUTLER STREET,BUS,0.6465373493975903,171.9144313020761,78.07441751170137,0.33239088463181016,2.2231636189604664,0.3607103218645949,0.7980022197558269,40,158,13.419994427708412
G31,BRIDGEVILLE FLYER,BUS,0.7341548780487804,170.79465217234002,81.86742516589689,0.30963927112872736,2.1318453955221437,0.5106635071090048,0.6492890995260664,61,78,14.177868183201774
93,LAWRENCEVILLE - HAZELWOOD,BUS,0.6605530120481927,169.50677460791414,80.573292522184,0.23032425658697647,2.3767999631956407,0.5955105633802817,0.9247359154929577,63,173,8.902574050474298
58,GREENFIELD,BUS,0.6076132530120482,168.02374292446356,84.32205662277663,0.23043243092746396,2.4033068844446506,0.6435908887896382,0.9950870924519875,55,102,6.756924482527202
22,MCCOY,BUS,0.7232444444444445,167.98828744546674,83.36347093743996,0.3824416352245164,2.0773390569005077,0.5117682558841279,0.9203379601689801,46,65,8.91323125286527
G2,WEST BUSWAY,BUS,0.8168280487804878,167.1454507173118,86.70507961264994,0.26423830993989667,2.175135135135135,0.3373134328358209,0.4811940298507463,37,24,8.890523063033768
48,ARLINGTON,BUS,0.7499313253012049,167.10005798471963,87.31193495138805,0.42199140623302467,2.075348154599189,0.3140218303946264,0.9504617968094039,19,89,3.9666806534948136
54,NORTH SIDE-OAKLAND-SOUTH SIDE,BUS,0.6672096385542169,165.97821518618247,86.9235442793729,0.13746516047367327,2.2733644468418004,0.4199772985244041,0.7806469920544835,71,211,7.796044980917041
P7,MCKEESPORT FLYER,BUS,0.7169891566265061,161.38014153065407,82.42323228062304,0.21506836880441296,2.124104362269026,0.46987951807228917,0.5997904662126768,69,101,16.690814353560626
77,PENN HILLS,BUS,0.5577253012048192,160.95641804621147,81.45898200296632,0.2379881722045883,2.291704000963592,0.7291533375986351,0.9739816592023885,96,258,21.55636545853036
51,CARRICK,BUS,0.7006710843373495,160.79296272623498,79.85121839231165,0.2330904656762939,2.1533407998913954,0.3639344262295082,0.8633879781420765,36,141,12.104660004294889
61D,MURRAY,BUS,0.6678686746987952,159.76753748745585,85.25683418464398,0.07903878087883463,2.3764842054497226,0.6335877862595419,0.6450381679389313,26,75,5.6385721010378065
69,TRAFFORD,BUS,0.6026573170731707,158.5468639320064,83.44143713875268,0.2519265741136925,2.164810518373937,0.6362246847535346,0.873137179977073,108,209,22.574311709378655
65,SQUIRREL HILL,BUS,0.6150641975308642,158.3655359362125,85.39163856553625,0.21050753950729087,2.346167269876027,0.5627548708654282,0.9664703217036701,68,70,7.949335087701236
67,MONROEVILLE,BUS,0.6035817073170732,157.72813452919328,81.35920013152355,0.2163443302470125,2.2324596161226493,0.4944287063267233,0.7053824362606232,115,191,22.276841676728523
P67,MONROEVILLE FLYER,BUS,0.6799807228915663,156.32191474868284,80.55700633740503,0.2169124207907585,2.255569697534122,0.3127438231469441,0.5094278283485045,51,69,17.340406383062557
20,KENNEDY,BUS,0.698530487804878,155.5279244277171,85.4458369441711,0.3122704268758151,2.0620815110113404,0.48388349514563106,0.9619417475728156,53,92,13.712067654834525
P69,TRAFFORD FLYER,BUS,0.6454650602409638,155.14878415667638,83.81532900142439,0.26751902996118254,2.164611389161206,0.3786112519006589,0.5907247845919918,63,128,22.574311709378655
24,WEST PARK,BUS,0.6971098765432099,154.20102310839363,84.4331578380692,0.33134280893624707,2.1189551393531767,0.371505557426743,0.7891545975075783,52,98,13.922258487647591
38,GREEN TREE,BUS,0.713946913580247,151.75156685936116,83.00935769424193,0.2777147541686241,2.030718880240199,0.6929305512301464,0.8720024914356899,88,131,12.261876259076415
52L,HOMEVILLE LIMITED,BUS,0.6749771084337349,150.64479616597765,84.7489743610831,0.19602991545630521,2.2925967162608383,0.5444521019986216,0.8873190902825637,58,136,15.523676314067313
61C,MCKEESPORT-HOMESTEAD,BUS,0.5677506024096386,150.42588756042673,83.82696361794041,0.16437680430887291,2.188336835235238,0.8891225961538461,0.9378004807692307,89,158,16.462887597685608
53L,HOMESTEAD PARK LIMITED,BUS,0.6500780487804878,148.73783912807747,85.7281652042776,0.20875675209464628,2.276197161471472,0.48581011351909187,0.7672858617131063,66,146,12.322998382877683
59,MON VALLEY,BUS,0.689755421686747,148.70509938313646,82.60918147691397,0.1928703199193409,2.136413889846527,0.40358467243510504,0.7424289245982695,73,334,12.895827524446
60,MCKEESPORT - WALNUT,BUS,0.7833819277108435,148.48142571062374,75.40681298897222,0.24296457843864536,2.145804395783969,0.6119733924611973,0.7997043606799704,19,88,5.058923463300133
36,BANKSVILLE,BUS,0.7328187500000001,147.76950060441808,83.09591368801367,0.27423521567988063,2.1610023082597625,0.6860377358490566,0.8747169811320755,64,78,12.14128048404031
29,ROBINSON,BUS,0.6510407407407407,140.47527785665218,85.10322109565665,0.2142017035773624,2.1667950398225626,0.5965559655596556,0.7709102091020911,72,131,17.067718520592095
14,OHIO VALLEY,BUS,0.7563674698795181,138.7477061575527,82.37816663245333,0.12393247670254096,1.9160807724084303,0.6456218274111675,0.8369289340101523,61,138,24.12865021014509
2,MOUNT ROYAL,BUS,0.6322256097560975,135.16294760575352,80.73911416530926,0.12800160575243982,2.21329055350899,0.35239456754824877,0.8811055515844651,56,187,13.848572886447071
21,CORAOPOLIS,BUS,0.7360734939759036,133.2229719160373,84.32184542806299,0.20079233404207641,2.180347858861089,0.8795086251960271,0.9702038682697334,97,133,20.236530514416152
P76,LINCOLN HIGHWAY FLYER,BUS,0.6996135802469136,131.39365969129332,83.97669893693926,0.14404685955829447,2.137187172387839,0.6015660985720866,0.6764163979732842,99,100,20.75113983556403
P10,ALLEGHENY VALLEY FLYER,BUS,0.6431036144578314,131.22332854139174,83.62059777646157,0.13765848904154282,2.1149717343876184,0.5443037974683544,0.7862522031725685,92,189,35.609612146488786
P13,MOUNT ROYAL FLYER,BUS,0.6792658536585365,127.85159367545144,82.78933666521587,0.126301252626188,2.1148661283467916,0.375033130135171,1.0,48,123,13.848572886447071
1,FREEPORT ROAD,BUS,0.6164829268292683,126.82255450390966,84.4552170575447,0.15998694838780128,2.084691144834853,0.5303571428571429,0.9209821428571429,85,221,27.362454504961793
28X,AIRPORT FLYER,BUS,0.6166469879518072,126.13928665762757,88.08702709465098,0.1557037586185297,2.241941337818246,0.7482302246845183,0.8116343490304709,147,74,29.003116140598706
O5,THOMPSON RUN FLYER VIA 279,BUS,0.6921698795180723,119.2762404869473,90.26614511649687,0.10507396137731664,2.1724,0.3634549600912201,0.7528506271379704,77,127,16.16884707272886
P12,HOLIDAY PARK FLYER,BUS,0.6679280487804878,118.14676364761414,82.42375174069083,0.12395011695789515,2.24609845783014,0.46326813491452334,0.6000308024025874,90,62,24.969203381144393
O12,MCKNIGHT FLYER,BUS,0.6471686746987952,114.3381670545937,86.97365726135187,0.06950726300432523,2.317228367695376,0.8355697977168035,0.9583416783496895,112,64,16.413809486675728
O1,ROSS FLYER,BUS,0.7058060240963855,114.04818648328755,91.28554271983612,0.10419985761496639,2.2167183552753187,0.9437420986093552,0.9702907711757269,78,7,7.885177660219192
12,MCKNIGHT,BUS,0.654610843373494,106.65491622134955,86.2033961638644,0.07831815077165198,2.3942973050855705,0.5510431154381085,0.7618915159944367,69,108,16.35066654278593
G3,MOON FLYER,BUS,0.7420414634146342,104.14253982538938,89.0550626376237,0.13782289789534694,2.0912596401028276,0.6234844710181033,0.7121740574655373,98,34,20.85468542273929
