route_id,lag,correlation,p_value
1,0,-0.22059834876953086,0.06853675635989183
1,1,-0.2021585747120683,0.0982791919499651
1,2,-0.1791663189897542,0.14686106422674525
1,3,-0.1097457473218971,0.3803794622521442
1,4,-0.10464654532293438,0.4067659035322541
1,5,-0.14355002356443136,0.2577862992451073
1,6,-0.19875451368978553,0.1183825314420397
11,0,-0.1492602777932091,0.21748715111484299
11,1,-0.16947474162717274,0.16388060384070272
11,2,-0.17191696473165005,0.16096247105057745
11,3,-0.17389676962570583,0.15931835092874208
11,4,-0.18052426260669124,0.14691590642874897
11,5,-0.15380056294605046,0.22124904020167468
11,6,-0.10973185601883217,0.388047444002164
12,0,0.15137893108308978,0.21095424576695385
12,1,0.17391879350008047,0.15294589769481973
12,2,0.22573592023639666,0.06418046973585825
12,3,0.23111998071474624,0.05986841172456708
12,4,0.21552520552905896,0.08221613440825866
12,5,0.21008196591869518,0.0930210443066393
12,6,0.2558881379143951,0.04126341571465461
13,0,-0.048445626459939495,0.6904377891892385
13,1,-0.0849048052990643,0.48790686573295017
13,2,-0.0002677582046991013,0.998270942274576
13,3,0.04279618895846812,0.730946167078694
13,4,0.16789871871756337,0.17780573874262978
13,5,0.2228635656433145,0.0743527606017343
13,6,0.18850127722466453,0.13577857850115044
14,0,-0.43606841682414077,0.0001610088510411396
14,1,-0.425579961140099,0.00026685691743301844
14,2,-0.36302568343773667,0.002345339129565918
14,3,-0.27063655523756336,0.026754431386000355
14,4,-0.2219421947444431,0.07328908442800244
14,5,-0.2064475141164144,0.09895009502684049
14,6,-0.16758418412280726,0.1856250684198767
15,0,-0.0068940751695123915,0.9548303308829633
15,1,0.029920245210861965,0.8071918123777386
15,2,0.04011593125050118,0.7453308032043245
15,3,-0.005146289572077172,0.9670314456951333
15,4,-0.03388224534054389,0.787099560967287
15,5,-0.05106433233542996,0.6862352596978304
15,6,-0.03498569660792076,0.7837363146359742
16,0,-0.10210603957847178,0.40029197579917297
16,1,-0.09163162312613474,0.45396478985744654
16,2,-0.1169184931178245,0.3423554409759036
16,3,-0.17180494663430834,0.16447412901618125
16,4,-0.13241467409514462,0.2892066580815542
16,5,-0.11520912241107119,0.36078462250273247
16,6,-0.06504735904152043,0.6095863636068243
17,0,-0.6989309559746979,2.4137099737525924e-11
17,1,-0.6846803808250534,1.2076186134920617e-10
17,2,-0.6401939073161067,5.431628959949321e-9
17,3,-0.566074595044368,7.287082168169901e-7
17,4,-0.4989153503058912,0.000023357003858020914
17,5,-0.418764264782268,0.0005735515364641738
17,6,-0.2888713533144917,0.021669052568967624
18,0,0.01693240468514142,0.8893507463870837
18,1,0.06795233419836484,0.5790421069592521
18,2,0.11294395371402587,0.35912624274179367
18,3,0.1364609620513751,0.27084391095684757
18,4,0.18519824187175635,0.13656053623879413
18,5,0.2605790351777901,0.03604147761503037
18,6,0.3169325452451195,0.010721799793476145
19L,0,-0.37552068083721946,0.001358305517940256
19L,1,-0.42588184519757455,0.0002639011402017079
19L,2,-0.44266502243882117,0.00015688408562586343
19L,3,-0.4396976672253571,0.00019695838525388978
19L,4,-0.4848348556536,0.000037002895231122844
19L,5,-0.5600899779226879,1.2271006823091008e-6
19L,6,-0.5977646567561957,1.835596804498485e-7
2,0,-0.3288281244879413,0.00580285146838563
2,1,-0.3556040609064872,0.002920827201629102
2,2,-0.3342094117285756,0.005707938602889978
2,3,-0.35136809767843147,0.003817741140523101
2,4,-0.3526239034798807,0.0039648462170182135
2,5,-0.3647169089128943,0.0030463500770735075
2,6,-0.4050477786695363,0.0009914417248863194
20,0,-0.28548546697866456,0.017415686098790777
20,1,-0.19189464624014657,0.1169571810678978
20,2,-0.10307881986567252,0.4064977381272347
20,3,-0.05674648667983796,0.6508603836125382
20,4,-0.03875816817537358,0.7592008018864266
20,5,-0.03627652212124269,0.7759613386978785
20,6,0.015956104581719276,0.9012207397680251
21,0,0.13364783578406034,0.27002652492192386
21,1,0.10415239455795745,0.39439783341239204
21,2,0.06989552772412937,0.5711349219744551
21,3,0.055355705428339265,0.6563772762227186
21,4,0.06198572277085019,0.6210034708186957
21,5,-0.024164049284362808,0.8484750038722371
21,6,-0.1682809273199448,0.18377687791400582
22,0,-0.07133945673649414,0.5572908778055139
22,1,-0.07818332721908863,0.5231134205302982
22,2,-0.023852709063730156,0.8469000538895819
22,3,-0.03520126454384441,0.7773301439230415
22,4,-0.0921253343643269,0.4619154793286541
22,5,-0.20805359988185135,0.09629470613793202
22,6,-0.3065653066810554,0.013746299952376397
24,0,0.11595885302662655,0.3391013136757652
24,1,0.08676702639863644,0.4783787354618395
24,2,0.07926143779263548,0.5205480583816203
24,3,0.06964656802266675,0.5754561511120644
24,4,0.0824284416582186,0.5105521941030832
24,5,0.02265315594193546,0.857847560923972
24,6,-0.031355141121098315,0.8057149764685886
26,0,-0.11931698725931941,0.3288124013398848
26,1,-0.07454656880960511,0.5457296865631653
26,2,0.028902597459474145,0.8164026558289356
26,3,0.12494466180952016,0.31751149573337395
26,4,0.17463293537882923,0.16412398474751644
26,5,0.18680113441990098,0.13940783325913286
26,6,0.17283586036802595,0.17554814995604506
27,0,-0.09838355101492982,0.41777744141487466
27,1,-0.012933865620746582,0.915996216857372
27,2,0.10110823895681528,0.4119838295933905
27,3,0.1878235617963057,0.1279962723389857
27,4,0.20303242634829913,0.10204769934615647
27,5,0.16996124688664402,0.17587842707712914
27,6,0.06422482275945825,0.6141257076323925
28X,0,-0.08049762485706738,0.5076886093622319
28X,1,-0.16136267713184124,0.18530681347434966
28X,2,-0.1503962765426771,0.22088301877548175
28X,3,-0.11295381315164235,0.3627779205812455
28X,4,-0.08519855969583329,0.4963969058895298
28X,5,-0.0652462670499784,0.6055916403540627
28X,6,-0.10271817147377213,0.4192695989268168
29,0,0.24336811784162066,0.04234283169482547
29,1,0.15896353254917062,0.1920152762718742
29,2,0.079360834127979,0.5200235614552036
29,3,-0.0053651903260582175,0.9656299371423208
29,4,-0.08001286593909845,0.52306177075759
29,5,-0.12690785352941714,0.31374665674670127
29,6,-0.16720293249964624,0.1866420389766101
31,0,-0.12378200479601804,0.3072923477937465
31,1,-0.1668759083700339,0.17053619517035531
31,2,-0.18932347793554932,0.12203747516704384
31,3,-0.18931180103860734,0.12494765200460863
31,4,-0.19003982391502577,0.12642382865042948
31,5,-0.24356062769759265,0.050571370546073476
31,6,-0.3038316378958209,0.014656830843048117
36,0,0.0025960153708684507,0.9831098862589861
36,1,0.04338854027329458,0.7253458899381986
36,2,0.050357855547638,0.6857005186757503
36,3,0.046143563209969526,0.712943618415508
36,4,0.00008016264372643495,0.999494339510233
36,5,-0.051409215676200395,0.6866283836794111
36,6,-0.09095872043736325,0.4783388160784491
38,0,-0.4743538344726395,0.00003347738638913349
38,1,-0.46847767424943654,0.00004914925910219671
38,2,-0.46478162290885056,0.00006524616227381604
38,3,-0.4829919705804008,0.000034779545681439013
38,4,-0.4920798995990531,0.00002711929298950281
38,5,-0.48938520065743374,0.00003518906107602476
38,6,-0.4740382572531643,0.00007596077482756991
39,0,-0.35040006229993453,0.00294166490353866
39,1,-0.24121778152712403,0.04585887276817231
39,2,-0.2553858367622574,0.03556086521425088
39,3,-0.22182684690865126,0.07121404046462294
39,4,-0.22764402145570797,0.06602262184354771
39,5,-0.15410015789109457,0.22033975067900405
39,6,-0.040435384605024244,0.7510635777673229
4,0,-0.2996435462569239,0.011733757927867834
4,1,-0.24123974834110554,0.0458385064969487
4,2,-0.17491145238221958,0.1536837287005322
4,3,-0.13841985326845785,0.26395981310542915
4,4,-0.14157453120620042,0.25683493176074024
4,5,-0.09017522087323637,0.4750004261068924
4,6,0.031350118642571465,0.8057454897844315
40,0,-0.447324149376386,0.00010343090303648544
40,1,-0.4059160153238754,0.0005392729606005602
40,2,-0.3719592154411036,0.0017885151696014575
40,3,-0.327783854874443,0.006773421959737188
40,4,-0.31014287749414854,0.011267260239158269
40,5,-0.22033761565238377,0.0777831604507088
40,6,-0.1246877337696585,0.3262576753412153
41,0,-0.23969384606008645,0.047290065253032754
41,1,-0.11644644890378099,0.34432124041758866
41,2,-0.09166288836490971,0.4606794544170961
41,3,-0.13641751332724905,0.2747445426653873
41,4,-0.15342815290450362,0.22238298298336326
41,5,-0.19954921481460625,0.11390654981978483
41,6,-0.22680717204331896,0.07384842726306849
43,0,-0.4385853311170309,0.0001635821445768918
43,1,-0.3742237322679296,0.0016677277910158797
43,2,-0.3273928779464427,0.006843549159236451
43,3,-0.3312221336689218,0.006595810283122882
43,4,-0.38827757862516654,0.0013932256376842972
43,5,-0.38569890482490715,0.0016465729429515075
43,6,-0.2914822665314972,0.020459195546097188
44,0,-0.22953328226260947,0.055948034439263335
44,1,-0.1320176559447518,0.27955112567386264
44,2,-0.06842151722470448,0.5792995493228628
44,3,-0.11343164729970935,0.360738103781428
44,4,-0.12317728569359322,0.3244591554698097
44,5,-0.14728397142843686,0.241679488893621
44,6,-0.15558477864789846,0.21958265501771246
48,0,-0.020824856689509674,0.8641336714505373
48,1,-0.03525826843529918,0.7736406404216019
48,2,-0.0637342224028429,0.60561178380276
48,3,0.011096652032710477,0.9289838425847617
48,4,0.06260855999896069,0.6174930699036688
48,5,0.07948438341224742,0.5290960393867139
48,6,0.09536201151727466,0.4535133039133641
51,0,-0.5994738510008547,4.173907838251142e-8
51,1,-0.6053275998061659,3.59182924290728e-8
51,2,-0.6342228195588951,6.377732781692958e-9
51,3,-0.6479246873309504,3.0892902438564802e-9
51,4,-0.6473493546279091,4.260768829702024e-9
51,5,-0.6482010595606565,5.298413340493101e-9
51,6,-0.5593861775373531,1.5481669159636607e-6
51L,0,0.5592884395478519,4.83595074286198e-7
51L,1,0.5617282383157373,5.11921479749561e-7
51L,2,0.49777314180833826,0.000015677285757207643
51L,3,0.4334775381055354,0.00024803792161990664
51L,4,0.3755395122443979,0.0018887723492598224
51L,5,0.3740557564446986,0.002144328648292764
51L,6,0.3383455967473847,0.006246120934241213
52L,0,-0.41428056004358055,0.0003633884728904811
52L,1,-0.45597587384387517,0.00008237995906519422
52L,2,-0.5107413980550908,8.5863865175521e-6
52L,3,-0.5500172870255384,1.4268304427482364e-6
52L,4,-0.6052690152824199,7.305295232562453e-8
52L,5,-0.6588135929931056,2.434004445375155e-9
52L,6,-0.6676951552103508,1.677244277428674e-9
53L,0,0.05276333455378021,0.6667749852432859
53L,1,0.0911214590933356,0.45989770965617405
53L,2,0.16702300794171268,0.17671939701999842
53L,3,0.2141207208662823,0.08428034082593239
53L,4,0.23152784731082818,0.06349338167476157
53L,5,0.18269947871468223,0.14846282510832226
53L,6,0.1597134091617943,0.21117363632807534
54,0,0.5243527073725814,3.176728450382427e-6
54,1,0.44726530291127303,0.00011669326611611303
54,2,0.4069733377222452,0.0005728700320842146
54,3,0.3992825594163867,0.0008164894672064527
54,4,0.38352514268548527,0.001479148695704081
54,5,0.3167664567801173,0.010144219874228005
54,6,0.23292715555117513,0.06398883132930833
55,0,-0.13822154468785666,0.25382449608426294
55,1,-0.09548035611476059,0.4351464096410499
55,2,-0.07631015231271919,0.5362418669293112
55,3,-0.07227784565727276,0.5610739709801918
55,4,-0.07983113048460534,0.5240091009598534
55,5,-0.08405417250562675,0.5056047802873002
55,6,-0.04248702943719301,0.7388718122135941
56,0,0.044871217623577805,0.7122427189591853
56,1,0.0485264944517076,0.6921339945274061
56,2,0.011205024495380137,0.9277399066748807
56,3,-0.0629060279285387,0.6130536959421026
56,4,-0.06939223772203094,0.5798238681657014
56,5,-0.07620766728450266,0.5462673441675088
56,6,-0.05665116540994793,0.656584047858928
57,0,0.18836041080525912,0.1183883043425035
57,1,0.09838606447323492,0.42123545775752497
57,2,0.05352001159707535,0.6646763325519449
57,3,0.012174034785815786,0.9221093132269443
57,4,0.026981164582243245,0.8297306504643652
57,5,-0.0806864941026831,0.5228644128308046
57,6,-0.2495769707247663,0.04671677187742205
58,0,0.05604642780587091,0.6449152795597689
58,1,0.08544005541148811,0.4851580320061372
58,2,0.08420552447077137,0.4947857254077134
58,3,0.05588197294108751,0.6533184991059681
58,4,-0.006198443386015055,0.9606047466279442
58,5,0.053216184885832865,0.6737431561628459
58,6,0.15231795830924233,0.2295367069828987
59,0,-0.24125592187053127,0.044222775441504346
59,1,-0.16772761644219436,0.1683335270460823
59,2,-0.1872003644689093,0.12635809781912205
59,3,-0.271863340690224,0.026046480860866045
59,4,-0.30346093419867476,0.013251556413793742
59,5,-0.29963378234018373,0.01531474514118712
59,6,-0.3121148452523361,0.012046753218718991
6,0,-0.4970901991658399,0.000012009265024263292
6,1,-0.4963075666865093,0.000014445883788963975
6,2,-0.46140712034292347,0.00007488431053296293
6,3,-0.3925293550742118,0.0010181569624810186
6,4,-0.31997805644038835,0.00881634532669
6,5,-0.24290645342080466,0.051213728269227425
6,6,-0.19588564667578723,0.12083700062170398
60,0,-0.22743590282716333,0.05829151515888605
60,1,-0.24305161737103978,0.044184110878267104
60,2,-0.22026647563314586,0.07108610279847598
60,3,-0.22195903029368316,0.07104138216000544
60,4,-0.19623250962403427,0.11430474070972949
60,5,-0.21127299169605354,0.09113981709537956
60,6,-0.22107136063514535,0.07917288244686298
61A,0,-0.637905559306814,2.860689043238532e-9
61A,1,-0.5489791521439803,1.0382000327746182e-6
61A,2,-0.4215191612302136,0.0003437924647967099
61A,3,-0.39293139708751695,0.0010049946811388065
61A,4,-0.44238151428807315,0.0001999310637716664
61A,5,-0.5089587905636168,0.000014962628286414418
61A,6,-0.47400242092064904,0.00007606913786935799
61B,0,-0.524795091197698,3.1059266680791963e-6
61B,1,-0.431707932505742,0.00021242058665832218
61B,2,-0.3238564818510527,0.007057879959893587
61B,3,-0.29152460321161106,0.01668537642981814
61B,4,-0.3498887724585426,0.003978925132109731
61B,5,-0.44837490914035044,0.00017988599254121126
61B,6,-0.40808973147927097,0.0008157827765225987
61C,0,-0.653227148335301,8.828444219281396e-10
61C,1,-0.6310373439390318,6.1606303258932365e-9
61C,2,-0.6020975346630114,5.5926639024271626e-8
61C,3,-0.5873013073858021,1.7494236248349485e-7
61C,4,-0.5723283699522167,5.150027658786883e-7
61C,5,-0.5511990470224424,1.9533326334635283e-6
61C,6,-0.5293211442465799,6.889708191695795e-6
61D,0,-0.5724192647140478,2.2510394015731784e-7
61D,1,-0.4844675496238264,0.000024639689497610132
61D,2,-0.3893606716347754,0.0010315999557256813
61D,3,-0.26569748331623655,0.029771040583565726
61D,4,-0.2572597941519017,0.037042595625684724
61D,5,-0.34595555501392183,0.004760712854789527
61D,6,-0.31447388727643416,0.011381270454837408
64,0,-0.4856565001707294,0.000023374093843946137
64,1,-0.46550190176257783,0.00006334347754444281
64,2,-0.42612569831903985,0.00032391252136915714
64,3,-0.3890957861056038,0.0012427122231794406
64,4,-0.3600615356520905,0.0032182468944145616
64,5,-0.3479584272040138,0.004841033505184757
64,6,-0.28482583794037053,0.02366338944772337
65,0,0.31195690189299197,0.009069129632444358
65,1,0.3177777958970297,0.008273252797516359
65,2,0.30237070297891255,0.012884458883263792
65,3,0.26506635579168397,0.03148410015541243
65,4,0.24102739168727164,0.05309600640046531
65,5,0.23417002430306932,0.06254325546867162
65,6,0.22452588096023873,0.07687797997331859
67,0,-0.19898403652652344,0.10118706633836182
67,1,-0.23766003711616251,0.05099518613185398
67,2,-0.37427397774372734,0.0018075331675602496
67,3,-0.20482644409846576,0.09899068842323852
67,4,-0.18677001545702854,0.13629949019941417
67,5,-0.02893602556930535,0.8204445430164243
67,6,-0.0046026873808604814,0.9714407908018761
69,0,-0.45035186642559427,0.0001032585508912315
69,1,-0.48768334954808945,0.000024630285359796234
69,2,-0.4813574545680474,0.00003729310182713515
69,3,-0.4059815665795321,0.0007193232662269345
69,4,-0.350795313206905,0.004170411777988921
69,5,-0.26973086328246954,0.03112731491563501
69,6,-0.26314401272166754,0.037188044110750315
7,0,-0.24760152980529723,0.03877363092880102
7,1,-0.2603353283835382,0.030741472490545048
7,2,-0.1834308853271094,0.1343145159159815
7,3,-0.1153473413220955,0.3526310230276071
7,4,-0.10529958745728166,0.400092629219378
7,5,-0.21564632197409117,0.0844870393730341
7,6,-0.29497971361800013,0.017969696012775285
71,0,0.19471869654096574,0.1062452227150374
71,1,0.21110597160170408,0.08164430291768675
71,2,0.22655057347382596,0.06319985386263374
71,3,0.2520674476102954,0.03961040156279745
71,4,0.28230572194874054,0.02164323733162799
71,5,0.3115292587812369,0.011533688298995448
71,6,0.3245305063173331,0.008888824668814315
71A,0,-0.6015059345837019,3.6544223551747396e-8
71A,1,-0.4508693164870913,0.00010115117004454726
71A,2,-0.3292411148304668,0.006115115360249372
71A,3,-0.21860493729654182,0.0755273866546902
71A,4,-0.1899303337937622,0.12664655889259657
71A,5,-0.19658917780632235,0.11651784475323648
71A,6,-0.08792910626634315,0.4896228892360486
71B,0,-0.7252690935772975,1.2420867034451187e-12
71B,1,-0.5893524770481718,9.951079747604285e-8
71B,2,-0.39530503286077207,0.000848894410031588
71B,3,-0.2437913655557471,0.04680376592322336
71B,4,-0.21339190605135577,0.08536751939147266
71B,5,-0.27735578637121916,0.025298894076684963
71B,6,-0.24330368195331717,0.05271025632369518
71C,0,-0.6468890721246042,1.4473858624064124e-9
71C,1,-0.5249696480534696,3.6418709513742026e-6
71C,2,-0.39443651501331584,0.0008736164277790942
71C,3,-0.30674791644699845,0.011577223180924872
71C,4,-0.36217489135912573,0.0028056379877491704
71C,5,-0.46063339347418153,0.00011285662719257479
71C,6,-0.3826543383349871,0.0018048607502986955
71D,0,-0.6569784809301247,8.753373526511183e-10
71D,1,-0.5295001807016637,3.436714312261979e-6
71D,2,-0.3715922901187892,0.0019611932260850825
71D,3,-0.18356350571883423,0.14011789089707896
71D,4,-0.14654668648563704,0.2440699912780039
71D,5,-0.22318458642306516,0.07627496432629546
71D,6,-0.18265559426484432,0.15190432869751994
74,0,-0.19558730940022734,0.10726982503470725
74,1,-0.19097005735098802,0.11876502560612075
74,2,-0.21628712174239545,0.07875725545430777
74,3,-0.26537239895225495,0.03128126363801435
74,4,-0.27209430207118585,0.02833039012618206
74,5,-0.18934192098441693,0.13401059056935372
74,6,-0.0668293315181523,0.6027836309988177
75,0,-0.17603744595121704,0.14491599116085582
75,1,-0.14585273492921486,0.23176780262549465
75,2,-0.05857898231018574,0.6351385995951139
75,3,-0.03330969332048267,0.7890112231601037
75,4,-0.14128209194124217,0.2578288500449457
75,5,-0.26633277875076417,0.03199464088406941
75,6,-0.2749949313573997,0.02786444494979761
77,0,0.37677412317647735,0.0013048032444096889
77,1,0.36526735674294974,0.002028022591344198
77,2,0.40259382063437466,0.0006651033467189097
77,3,0.36944235836070105,0.0020927327060418807
77,4,0.395171779589801,0.0010241405721337466
77,5,0.3991106845247797,0.0009901831931025673
77,6,0.3014223237856163,0.015501853108329173
79,0,0.2074468082556387,0.08719891813340502
79,1,0.17407742430222606,0.15568598411892298
79,2,0.13395762775827566,0.2798147951957799
79,3,0.07968359166243874,0.5247788058517087
79,4,0.039526427137475874,0.754576096511131
79,5,0.020623442405409018,0.8715004255700228
79,6,0.0127525475292484,0.9209816396630469
8,0,-0.27305944144002986,0.022190278345325633
8,1,-0.3507103819874007,0.0031322150046322736
8,2,-0.3290369050250799,0.006148738492785107
8,3,-0.32196001747749275,0.00788603842587719
8,4,-0.3855283896411819,0.0013898296242159085
8,5,-0.39274107105018186,0.0012120453616542317
8,6,-0.35954338442408257,0.0035238255270070495
81,0,0.24968982874546294,0.03710722553627059
81,1,0.26941735776026393,0.025179784781677764
81,2,0.25558533137942174,0.03541230130523233
81,3,0.21960498559022595,0.07416684007968602
81,4,0.17951522293332245,0.14922645893085582
81,5,0.1127640523743902,0.3711347262800613
81,6,0.1400502703348229,0.2696927058559145
82,0,-0.5808361959567663,1.675667119826698e-7
82,1,-0.4858240163497552,0.000026727272091118774
82,2,-0.36260049023086577,0.0025655373004784977
82,3,-0.2603157041402884,0.03477659862898408
82,4,-0.23284300749261327,0.061962966699153695
82,5,-0.2774884666040758,0.02642225434844961
82,6,-0.25853876380608304,0.04076405596231947
83,0,0.21356266141956406,0.07587105331142355
83,1,0.16397516472263995,0.1781963393587753
83,2,0.0471398027897063,0.7026614863903478
83,3,-0.1186904779771045,0.3387553412614656
83,4,-0.13248960249630362,0.2889314302072981
83,5,-0.06912714325822637,0.5842672735052582
83,6,-0.14362841406238352,0.257523748310639
86,0,-0.23427629665241392,0.05093073693189163
86,1,-0.09860117112330538,0.42021588785497105
86,2,-0.0381676689834784,0.7573092959475892
86,3,-0.029315351758778644,0.8138273950803758
86,4,0.024589313478880777,0.8446279416332508
86,5,-0.15367698877091654,0.22162485911945787
86,6,-0.09834488743297826,0.43944568568461867
87,0,0.13716435357857362,0.2610641908827823
87,1,0.147156202776803,0.2311056048463919
87,2,0.1498097376332726,0.22627456457558925
87,3,0.12055642343662752,0.3349383862303403
87,4,0.08712616712551072,0.4901198738300958
87,5,0.06566122745684154,0.6062081115643665
87,6,0.03771994298211677,0.7691385501040074
88,0,-0.296771196247236,0.012604995944735813
88,1,-0.284413061663516,0.017860793621525844
88,2,-0.2921407012177372,0.01563262786303659
88,3,-0.2939978030514664,0.01574309676326424
88,4,-0.2783920374631439,0.023610926701476864
88,5,-0.2766268526379509,0.025701784525912066
88,6,-0.2602615942207805,0.037801818726593536
89,0,0.5352701027583452,2.150930300142113e-6
89,1,0.5525296558825255,1.033225598805046e-6
89,2,0.5497764219412986,1.4451270395006213e-6
89,3,0.5389120007902782,3.0389109673830706e-6
89,4,0.5434052242545302,2.9042708837147135e-6
89,5,0.5005334772535168,0.0000253207999073336
89,6,0.44140072035415656,0.0002932208523539307
91,0,0.4103372831661997,0.0004186377309891856
91,1,0.40702319807130355,0.0005189152531847192
91,2,0.40668387608742795,0.0005785867110967943
91,3,0.44638890408325166,0.00015292418094376453
91,4,0.4579216723520905,0.00011060857044184655
91,5,0.41958750379983095,0.0005028499366466246
91,6,0.38282334491802417,0.0017957288302197071
93,0,-0.3149686158223282,0.007913696530144279
93,1,-0.29418373570958556,0.014143835005333973
93,2,-0.2932296923331197,0.015232245138394168
93,3,-0.24892958174357288,0.04222167054100913
93,4,-0.23007826471839193,0.06310243084013979
93,5,-0.26176870587189605,0.03517152765629884
93,6,-0.2811895540374435,0.024397944975503794
BLUE,0,0.10131074998583926,0.4074947777500895
BLUE,1,0.023847159635226024,0.846935242970594
BLUE,2,0.0013025896341827955,0.9916530786206381
BLUE,3,0.03883138077424097,0.7568979515929211
BLUE,4,0.1217748414469095,0.33387761314150965
BLUE,5,0.045257657585118544,0.7225091569014865
BLUE,6,-0.03902023611903154,0.7614119453657168
G2,0,-0.4706941041424087,0.000044754226602834985
G2,1,-0.5131952104759588,7.640563341888664e-6
G2,2,-0.5464854011604457,1.718239576072548e-6
G2,3,-0.5650574253199052,7.705128224678999e-7
G2,4,-0.6063601540397816,8.642776729651198e-8
G2,5,-0.6203152799245386,4.579533997707869e-8
G2,6,-0.6101459553710836,1.1041044494169431e-7
G3,0,0.01118606355313486,0.9273148164886786
G3,1,-0.013869584406506222,0.9106200644098351
G3,2,-0.016682431810184802,0.8934096010101731
G3,3,0.02875594578736731,0.818714881558855
G3,4,-0.0373062323867406,0.7679639227080232
G3,5,-0.10047598419233723,0.42954674270511856
G3,6,-0.09568544014774336,0.4556763494763219
G31,0,-0.39905377519216056,0.0006825219206124252
G31,1,-0.4521974833101961,0.00010827962054817219
G31,2,-0.488701438969745,0.000027179982849225907
G31,3,-0.4923307261750302,0.000026825712174928407
G31,4,-0.46500469990218585,0.00009515981791758432
G31,5,-0.46392975965352706,0.00011285782604544958
G31,6,-0.44950408152074006,0.00021926996295015174
O1,0,-0.3962931791260879,0.0006834916747937104
O1,1,-0.37115104543847177,0.0016915005573968469
O1,2,-0.36958611676793657,0.001923469400554288
O1,3,-0.3503522810688239,0.003654737249686629
O1,4,-0.29661802786381447,0.015589272574575179
O1,5,-0.288343073969629,0.01984320791417944
O1,6,-0.310301378009269,0.012580954201897537
O12,0,-0.6258739159535947,6.886566911100563e-9
O12,1,-0.6186520384792539,1.4693109002639452e-8
O12,2,-0.4962338913733468,0.000016811396354402585
O12,3,-0.31869218134343963,0.00857786065374944
O12,4,-0.20616135723584944,0.09676266404941648
O12,5,-0.17967471694353018,0.1520977531575914
O12,6,-0.21225725097896253,0.09221319560918935
O5,0,0.07847025641943711,0.5184705511713433
O5,1,0.12923659621705227,0.2898941251603751
O5,2,0.234629155607106,0.05411579789686575
O5,3,0.30961110581441265,0.010785731570002741
O5,4,0.29783955663121664,0.015147709321245475
O5,5,0.2195059514124664,0.07893974083601389
O5,6,0.14560154546154336,0.25097476615253095
P1,0,-0.43620417971054204,0.00016016632631011033
P1,1,-0.4271767139866823,0.00025156008859118523
P1,2,-0.45596165001843164,0.00009324789874491007
P1,3,-0.4706276871622362,0.000058450122823863064
P1,4,-0.4849234436087621,0.00003686411873697158
P1,5,-0.48048208098096207,0.000051048192285375946
P1,6,-0.4859004796336637,0.00004697128107045933
P10,0,-0.1200789759281563,0.3220999387337752
P10,1,-0.07034312151769001,0.5657300897471359
P10,2,0.03200640052432116,0.7955544891294865
P10,3,0.12059853497310863,0.33099158987671284
P10,4,0.1666137733806801,0.18119593622238642
P10,5,0.13991532556135222,0.26629962488769454
P10,6,0.15278456487567244,0.2280960971605916
P12,0,-0.12493572154445115,0.3063791913172207
P12,1,-0.18616586822294534,0.12850505404899393
P12,2,-0.12533153770313055,0.3122230486687159
P12,3,-0.04556257334980105,0.7164043331057763
P12,4,-0.09978113489041479,0.42904404251510536
P12,5,-0.18744495684329188,0.13802500634251905
P12,6,-0.27151952347811525,0.03135169594735889
P13,0,-0.3753215677522502,0.001484313774900908
P13,1,-0.3412911539306027,0.004396208212425474
P13,2,-0.3109960035710857,0.010420052987051443
P13,3,-0.2625018314433742,0.03322746649051389
P13,4,-0.2512205341694761,0.043528395810930154
P13,5,-0.19249273008262374,0.1275383345699834
P13,6,-0.12150498067372201,0.34281169196793154
P16,0,-0.4125555358458797,0.0003866813544898114
P16,1,-0.3717443953958909,0.0016605196709803907
P16,2,-0.2901828389614427,0.016375239050743954
P16,3,-0.2033051475598858,0.09892454861947465
P16,4,-0.20871639532615616,0.09260758235515222
P16,5,-0.14601274264849287,0.24581128496931726
P16,6,-0.05542420546650108,0.6635701676897067
P17,0,0.1399186615024623,0.2515180807192003
P17,1,0.06360277159578492,0.6063571678840302
P17,2,-0.03959505792070939,0.7503900576827474
P17,3,-0.1368306942782854,0.27327968914467743
P17,4,-0.19506551737907116,0.11943407045611464
P17,5,-0.21184186431554491,0.09286695225245582
P17,6,-0.2123098493337123,0.09481732338073671
P2,0,-0.423073989788356,0.0010424171267589678
P2,1,-0.3806988253621057,0.0037977227613331193
P2,2,-0.3745648701771667,0.004841373533520103
P2,3,-0.3628509181595875,0.007005438327326933
P2,4,-0.3237946441076341,0.01802241147618223
P2,5,-0.4130285515812984,0.002341367423753118
P2,6,-0.4595452897878753,0.0006929359587080594
P3,0,0.07401221777813057,0.5425794502306085
P3,1,0.17126865891915763,0.15939932049960193
P3,2,0.2601032274124293,0.03218387307892438
P3,3,0.352652768969604,0.0034232958978420262
P3,4,0.3841899215926329,0.001448951638043418
P3,5,0.29060838959789564,0.018852828434979707
P3,6,0.11451266507131427,0.3675806102431567
P67,0,-0.28938735649474295,0.015105921249002145
P67,1,-0.27785481083012775,0.020800262377624074
P67,2,-0.17827729326996627,0.14579742989460973
P67,3,-0.06274692682256676,0.6139538035716621
P67,4,-0.08245333148420966,0.5104240965014646
P67,5,-0.15682398458136057,0.21219264458115944
P67,6,-0.13840609064764428,0.2754114056994053
P68,0,0.3461231009698245,0.003335119715379102
P68,1,0.3472438402869602,0.0034636552242506445
P68,2,0.3437421683640382,0.004104323111053422
P68,3,0.31756887493889896,0.00882761527467694
P68,4,0.29802674178291527,0.015081004102388499
P68,5,0.24905736803490833,0.04543006547381441
P68,6,0.21250198654490413,0.09182970990247315
P69,0,0.689841020558607,3.975360361975059e-11
P69,1,0.5871890294959723,1.137571582222537e-7
P69,2,0.4766609630791474,0.00003970622797766041
P69,3,0.3803601172775195,0.0014981506018410464
P69,4,0.2837284139246029,0.02096335500813956
P69,5,0.1887546057203246,0.1321101100974583
P69,6,0.101388587652889,0.42534666963960827
P7,0,0.4461081095533585,0.00010857741153314868
P7,1,0.3349901733504764,0.004899196921878178
P7,2,0.24511790719706766,0.04393947332744219
P7,3,0.16247158486075244,0.18897834267052943
P7,4,0.09415261918177778,0.4520765959698112
P7,5,0.026079751671032707,0.8366214426653158
P7,6,-0.07149328484967325,0.5745297585711432
P71,0,-0.17531598704731735,0.14962276649777992
P71,1,-0.1475297639439576,0.22991053546062892
P71,2,-0.13045551966911614,0.2926922811115984
P71,3,-0.07700670959572702,0.5388414493642387
P71,4,-0.0634858867464558,0.6153752459741861
P71,5,-0.01645861095869025,0.8972923693264027
P71,6,0.07159486558083634,0.5771151845762575
P76,0,0.44172446323733605,0.00016263423928033615
P76,1,0.3699427322340311,0.0020614320598756
P76,2,0.2850108104030169,0.02036617230499954
P76,3,0.20224846365441757,0.10616220425485258
P76,4,0.16401623032886928,0.19529980787725998
P76,5,0.1942911147061579,0.12705031676033512
P76,6,0.09922039805788098,0.4429276343573082
P78,0,0.11144294049431529,0.3583700151623717
P78,1,0.0898967896666248,0.46259166833656207
P78,2,0.07459565303340465,0.5454645242538891
P78,3,0.08440459589798498,0.49707891392043707
P78,4,0.054941285141093026,0.6612788901143126
P78,5,0.032642660777065825,0.7963020278903519
P78,6,0.01462801118538972,0.9086640992151356
RED,0,0.31369942289268576,0.008182320023297524
RED,1,0.3235368417980458,0.006692849380622483
RED,2,0.25070720640446914,0.03919681215255356
RED,3,0.1388389976539929,0.2625022685880133
RED,4,0.04051688438226968,0.746692028417071
RED,5,-0.007761674626309652,0.9510698535238092
RED,6,-0.057749802993680155,0.6503533124744486
SLVR,0,-0.05780436935825981,0.637082397602854
SLVR,1,-0.12325018679599166,0.3166680928581877
SLVR,2,-0.15695858914268074,0.2046328106875405
SLVR,3,-0.10898643783731554,0.3837041418532092
SLVR,4,-0.04005815467814897,0.7513802550321628
SLVR,5,-0.1062717078202665,0.4032742464915356
SLVR,6,-0.20609016562433272,0.10512888562153237
