mode,month,avg_otp,route_count,bus_type
BUS,2019-01,0.7052528089887641,89,
BUS,2019-02,0.6915235955056179,89,
BUS,2019-03,0.7044033707865168,89,
BUS,2019-04,0.6716988764044943,89,
BUS,2019-05,0.643270786516854,89,
BUS,2019-06,0.641814606741573,89,
BUS,2019-07,0.6943966292134831,89,
BUS,2019-08,0.6924629213483146,89,
BUS,2019-09,0.671423595505618,89,
BUS,2019-10,0.6865224719101123,89,
BUS,2019-11,0.6795382022471911,89,
BUS,2019-12,0.7136449438202247,89,
BUS,2020-01,0.7277977777777778,90,
BUS,2020-02,0.7152685393258428,89,
BUS,2020-03,0.7514820224719101,89,
BUS,2020-04,0.7294426966292135,89,
BUS,2020-05,0.7239516853932585,89,
BUS,2020-06,0.7060393258426966,89,
BUS,2020-07,0.7093887640449438,89,
BUS,2020-08,0.7092966292134831,89,
BUS,2020-09,0.7095179775280899,89,
BUS,2020-10,0.7114213483146067,89,
BUS,2020-11,0.7297890625,64,
BUS,2020-12,0.7135606741573034,89,
BUS,2021-01,0.7279561797752809,89,
BUS,2021-02,0.7229606741573035,89,
BUS,2021-03,0.7398606741573034,89,
BUS,2021-04,0.7396820224719101,89,
BUS,2021-05,0.7304280898876404,89,
BUS,2021-06,0.7228842696629213,89,
BUS,2021-07,0.7313460674157303,89,
BUS,2021-08,0.7232314606741572,89,
BUS,2021-09,0.6938157303370787,89,
BUS,2021-10,0.7082202247191011,89,
BUS,2021-11,0.7215280898876404,89,
BUS,2021-12,0.7292898876404494,89,
BUS,2022-01,0.7352193181818181,88,
BUS,2022-02,0.7137168539325843,89,
BUS,2022-03,0.6915134831460674,89,
BUS,2022-04,0.6862314606741573,89,
BUS,2022-05,0.7026651685393258,89,
BUS,2022-06,0.692447191011236,89,
BUS,2022-07,0.690914606741573,89,
BUS,2022-08,0.6743022727272727,88,
BUS,2022-09,0.6074157303370786,89,
BUS,2022-10,0.6869247191011236,89,
BUS,2022-11,0.6831595505617978,89,
BUS,2022-12,0.7015707865168539,89,
BUS,2023-01,0.7203831460674156,89,
BUS,2023-02,0.6999955056179775,89,
BUS,2023-03,0.6950280898876404,89,
BUS,2023-04,0.6764348314606742,89,
BUS,2023-05,0.6607943820224719,89,
BUS,2023-06,0.6503752808988764,89,
BUS,2023-07,0.6440831460674157,89,
BUS,2023-08,0.6437089887640449,89,
BUS,2023-09,0.6296303370786517,89,
BUS,2023-10,0.6521303370786516,89,
BUS,2023-11,0.6707719101123596,89,
BUS,2023-12,0.6816471910112359,89,
BUS,2024-01,0.696485393258427,89,
BUS,2024-02,0.6970719101123596,89,
BUS,2024-03,0.6987640449438202,89,
BUS,2024-04,0.6682898876404495,89,
BUS,2024-05,0.6522134831460674,89,
BUS,2024-06,0.6674674157303371,89,
BUS,2024-07,0.6788988764044943,89,
BUS,2024-08,0.6545865168539327,89,
BUS,2024-09,0.6469157303370786,89,
BUS,2024-10,0.6348415730337079,89,
BUS,2024-11,0.6703556818181818,88,
BUS,2024-12,0.6872966292134832,89,
BUS,2025-01,0.6946910112359551,89,
BUS,2025-02,0.7040606741573033,89,
BUS,2025-03,0.6912426966292134,89,
BUS,2025-04,0.667361797752809,89,
BUS,2025-05,0.6452659090909091,88,
BUS,2025-06,0.642028947368421,76,
BUS,2025-07,0.6354171052631579,76,
BUS,2025-08,0.6562258426966292,89,
BUS,2025-09,0.6543310344827586,87,
BUS,2025-10,0.6536534090909091,88,
BUS,2025-11,0.6740831460674157,89,
RAIL,2019-01,0.8513666666666667,3,
RAIL,2019-02,0.8504666666666667,3,
RAIL,2019-03,0.8561666666666667,3,
RAIL,2019-04,0.8305333333333333,3,
RAIL,2019-05,0.8223333333333334,3,
RAIL,2019-06,0.8313666666666667,3,
RAIL,2019-07,0.8498666666666667,3,
RAIL,2019-08,0.6759666666666666,3,
RAIL,2019-09,0.9237000000000001,3,
RAIL,2019-10,0.9245333333333333,3,
RAIL,2019-11,0.9141666666666667,3,
RAIL,2019-12,0.9002666666666667,3,
RAIL,2020-01,0.8473,3,
RAIL,2020-02,0.9183333333333333,3,
RAIL,2020-03,0.9052333333333333,3,
RAIL,2020-04,0.8965,3,
RAIL,2020-05,0.9191333333333334,3,
RAIL,2020-06,0.9049666666666667,3,
RAIL,2020-07,0.8766333333333334,3,
RAIL,2020-08,0.8781666666666667,3,
RAIL,2020-09,0.8474333333333334,3,
RAIL,2020-10,0.8734999999999999,3,
RAIL,2020-11,0.9039999999999999,3,
RAIL,2020-12,0.8950999999999999,3,
RAIL,2021-01,0.9094666666666668,3,
RAIL,2021-02,0.8897666666666666,3,
RAIL,2021-03,0.8935666666666666,3,
RAIL,2021-04,0.8770000000000001,3,
RAIL,2021-05,0.8150666666666666,3,
RAIL,2021-06,0.8598,1,
RAIL,2021-07,0.8608666666666668,3,
RAIL,2021-08,0.8064,3,
RAIL,2021-09,0.8742000000000001,3,
RAIL,2021-10,0.8665333333333333,3,
RAIL,2021-11,0.8710999999999999,3,
RAIL,2021-12,0.8798666666666666,3,
RAIL,2022-01,0.8731333333333334,3,
RAIL,2022-02,0.79,3,
RAIL,2022-03,0.7600666666666666,3,
RAIL,2022-04,0.7413,3,
RAIL,2022-05,0.7868666666666666,3,
RAIL,2022-06,0.8582000000000001,3,
RAIL,2022-07,0.8637666666666667,3,
RAIL,2022-08,0.8685999999999999,3,
RAIL,2022-09,0.8402,3,
RAIL,2022-10,0.8674333333333334,3,
RAIL,2022-11,0.8916666666666666,3,
RAIL,2022-12,0.8761000000000001,3,
RAIL,2023-01,0.8783,3,
RAIL,2023-02,0.8851,3,
RAIL,2023-03,0.8774000000000001,3,
RAIL,2023-04,0.8685666666666666,3,
RAIL,2023-05,0.8796666666666667,3,
RAIL,2023-06,0.8178000000000001,3,
RAIL,2023-07,0.8694333333333333,3,
RAIL,2023-08,0.8412666666666667,3,
RAIL,2023-09,0.8868999999999999,3,
RAIL,2023-10,0.7104666666666667,3,
RAIL,2023-11,0.7956333333333333,3,
RAIL,2023-12,0.8685666666666666,3,
RAIL,2024-01,0.8711666666666668,3,
RAIL,2024-02,0.8868666666666667,3,
RAIL,2024-03,0.878,3,
RAIL,2024-04,0.8918333333333334,3,
RAIL,2024-05,0.6629,3,
RAIL,2024-06,0.7172333333333333,3,
RAIL,2024-07,0.8325999999999999,3,
RAIL,2024-08,0.8793333333333333,3,
RAIL,2024-09,0.8133666666666667,3,
RAIL,2024-10,0.8535,3,
RAIL,2024-11,0.7886000000000001,3,
RAIL,2024-12,0.8302666666666667,3,
RAIL,2025-01,0.8149000000000001,3,
RAIL,2025-02,0.8295,3,
RAIL,2025-03,0.8563000000000001,3,
RAIL,2025-04,0.8442,3,
RAIL,2025-05,0.7896666666666666,3,
RAIL,2025-06,0.8412333333333333,3,
RAIL,2025-07,0.8468,1,
RAIL,2025-08,0.8318,2,
RAIL,2025-09,0.7499,1,
RAIL,2025-10,0.5994,3,
RAIL,2025-11,0.39973333333333333,3,
BUS,2019-01,0.8049666666666667,3,busway
BUS,2019-02,0.7730666666666667,3,busway
BUS,2019-03,0.8264333333333335,3,busway
BUS,2019-04,0.7221000000000001,3,busway
BUS,2019-05,0.6356666666666667,3,busway
BUS,2019-06,0.7432,3,busway
BUS,2019-07,0.8569333333333334,3,busway
BUS,2019-08,0.8651333333333334,3,busway
BUS,2019-09,0.8582000000000001,3,busway
BUS,2019-10,0.8589666666666668,3,busway
BUS,2019-11,0.8363,3,busway
BUS,2019-12,0.8595,3,busway
BUS,2020-01,0.8605333333333333,3,busway
BUS,2020-02,0.8417666666666667,3,busway
BUS,2020-03,0.8723666666666666,3,busway
BUS,2020-04,0.8447,3,busway
BUS,2020-05,0.8586,3,busway
BUS,2020-06,0.8449666666666666,3,busway
BUS,2020-07,0.8271000000000001,3,busway
BUS,2020-08,0.8548333333333332,3,busway
BUS,2020-09,0.8629333333333333,3,busway
BUS,2020-10,0.8663333333333334,3,busway
BUS,2020-11,0.89405,2,busway
BUS,2020-12,0.8516333333333334,3,busway
BUS,2021-01,0.8574,3,busway
BUS,2021-02,0.8607,3,busway
BUS,2021-03,0.8753000000000001,3,busway
BUS,2021-04,0.8763,3,busway
BUS,2021-05,0.8708999999999999,3,busway
BUS,2021-06,0.8702666666666667,3,busway
BUS,2021-07,0.8788999999999999,3,busway
BUS,2021-08,0.8654999999999999,3,busway
BUS,2021-09,0.8420333333333333,3,busway
BUS,2021-10,0.8454333333333333,3,busway
BUS,2021-11,0.8559333333333333,3,busway
BUS,2021-12,0.8687999999999999,3,busway
BUS,2022-01,0.8667333333333334,3,busway
BUS,2022-02,0.8499333333333334,3,busway
BUS,2022-03,0.8563333333333333,3,busway
BUS,2022-04,0.8619666666666667,3,busway
BUS,2022-05,0.8778333333333332,3,busway
BUS,2022-06,0.8774000000000001,3,busway
BUS,2022-07,0.8562333333333333,3,busway
BUS,2022-08,0.8447999999999999,3,busway
BUS,2022-09,0.7592666666666666,3,busway
BUS,2022-10,0.8286666666666666,3,busway
BUS,2022-11,0.8128000000000001,3,busway
BUS,2022-12,0.8451,3,busway
BUS,2023-01,0.8690666666666665,3,busway
BUS,2023-02,0.8516666666666667,3,busway
BUS,2023-03,0.8325,3,busway
BUS,2023-04,0.8200666666666666,3,busway
BUS,2023-05,0.7977333333333334,3,busway
BUS,2023-06,0.8208333333333333,3,busway
BUS,2023-07,0.8157666666666668,3,busway
BUS,2023-08,0.8039999999999999,3,busway
BUS,2023-09,0.8299,3,busway
BUS,2023-10,0.8371666666666666,3,busway
BUS,2023-11,0.8575666666666667,3,busway
BUS,2023-12,0.8497666666666667,3,busway
BUS,2024-01,0.8461666666666666,3,busway
BUS,2024-02,0.8361000000000001,3,busway
BUS,2024-03,0.8344,3,busway
BUS,2024-04,0.8377,3,busway
BUS,2024-05,0.8050333333333333,3,busway
BUS,2024-06,0.8010333333333334,3,busway
BUS,2024-07,0.7942333333333332,3,busway
BUS,2024-08,0.7873,3,busway
BUS,2024-09,0.8025333333333333,3,busway
BUS,2024-10,0.7828666666666666,3,busway
BUS,2024-11,0.8309666666666665,3,busway
BUS,2024-12,0.8494,3,busway
BUS,2025-01,0.8455666666666666,3,busway
BUS,2025-02,0.8653333333333334,3,busway
BUS,2025-03,0.8743333333333333,3,busway
BUS,2025-04,0.8538,3,busway
BUS,2025-05,0.8506333333333332,3,busway
BUS,2025-06,0.8560666666666666,3,busway
BUS,2025-07,0.7955333333333333,3,busway
BUS,2025-08,0.7931666666666667,3,busway
BUS,2025-09,0.7991666666666667,3,busway
BUS,2025-10,0.8310333333333334,3,busway
BUS,2025-11,0.8666666666666667,3,busway
BUS,2019-01,0.6149,1,express
BUS,2019-02,0.6209,1,express
BUS,2019-03,0.6629,1,express
BUS,2019-04,0.6341,1,express
BUS,2019-05,0.6342,1,express
BUS,2019-06,0.6204,1,express
BUS,2019-07,0.5947,1,express
BUS,2019-08,0.5617,1,express
BUS,2019-09,0.5404,1,express
BUS,2019-10,0.5425,1,express
BUS,2019-11,0.5497,1,express
BUS,2019-12,0.6316,1,express
BUS,2020-01,0.6764,1,express
BUS,2020-02,0.6579,1,express
BUS,2020-03,0.6849,1,express
BUS,2020-04,0.671,1,express
BUS,2020-05,0.7073,1,express
BUS,2020-06,0.6752,1,express
BUS,2020-07,0.6958,1,express
BUS,2020-08,0.6951,1,express
BUS,2020-09,0.6649,1,express
BUS,2020-10,0.6697,1,express
BUS,2020-11,0.6688,1,express
BUS,2020-12,0.6595,1,express
BUS,2021-01,0.6792,1,express
BUS,2021-02,0.6444,1,express
BUS,2021-03,0.6448,1,express
BUS,2021-04,0.5976,1,express
BUS,2021-05,0.5653,1,express
BUS,2021-06,0.5805,1,express
BUS,2021-07,0.6345,1,express
BUS,2021-08,0.5945,1,express
BUS,2021-09,0.5849,1,express
BUS,2021-10,0.5928,1,express
BUS,2021-11,0.6314,1,express
BUS,2021-12,0.6747,1,express
BUS,2022-01,0.7054,1,express
BUS,2022-02,0.6576,1,express
BUS,2022-03,0.6371,1,express
BUS,2022-04,0.6261,1,express
BUS,2022-05,0.6293,1,express
BUS,2022-06,0.66,1,express
BUS,2022-07,0.6654,1,express
BUS,2022-08,0.6241,1,express
BUS,2022-09,0.5521,1,express
BUS,2022-10,0.574,1,express
BUS,2022-11,0.552,1,express
BUS,2022-12,0.6287,1,express
BUS,2023-01,0.6633,1,express
BUS,2023-02,0.6472,1,express
BUS,2023-03,0.6272,1,express
BUS,2023-04,0.5992,1,express
BUS,2023-05,0.576,1,express
BUS,2023-06,0.5827,1,express
BUS,2023-07,0.5852,1,express
BUS,2023-08,0.5846,1,express
BUS,2023-09,0.5801,1,express
BUS,2023-10,0.6049,1,express
BUS,2023-11,0.6044,1,express
BUS,2023-12,0.6039,1,express
BUS,2024-01,0.6264,1,express
BUS,2024-02,0.6104,1,express
BUS,2024-03,0.5883,1,express
BUS,2024-04,0.5738,1,express
BUS,2024-05,0.5769,1,express
BUS,2024-06,0.609,1,express
BUS,2024-07,0.5963,1,express
BUS,2024-08,0.59,1,express
BUS,2024-09,0.6113,1,express
BUS,2024-10,0.6033,1,express
BUS,2024-11,0.6152,1,express
BUS,2024-12,0.6175,1,express
BUS,2025-01,0.6108,1,express
BUS,2025-02,0.6308,1,express
BUS,2025-03,0.6513,1,express
BUS,2025-04,0.6107,1,express
BUS,2025-05,0.6007,1,express
BUS,2025-06,0.573,1,express
BUS,2025-07,0.5443,1,express
BUS,2025-08,0.5181,1,express
BUS,2025-09,0.5321,1,express
BUS,2025-10,0.5498,1,express
BUS,2025-11,0.6121,1,express
BUS,2019-01,0.6939529411764706,17,flyer
BUS,2019-02,0.6886882352941176,17,flyer
BUS,2019-03,0.7134588235294118,17,flyer
BUS,2019-04,0.6347117647058824,17,flyer
BUS,2019-05,0.5815764705882354,17,flyer
BUS,2019-06,0.6104117647058823,17,flyer
BUS,2019-07,0.6758823529411765,17,flyer
BUS,2019-08,0.6868941176470588,17,flyer
BUS,2019-09,0.6587529411764707,17,flyer
BUS,2019-10,0.6714588235294118,17,flyer
BUS,2019-11,0.6251176470588236,17,flyer
BUS,2019-12,0.6793941176470588,17,flyer
BUS,2020-01,0.7048764705882353,17,flyer
BUS,2020-02,0.6940705882352941,17,flyer
BUS,2020-03,0.7351941176470589,17,flyer
BUS,2020-04,0.6960411764705883,17,flyer
BUS,2020-05,0.6985470588235294,17,flyer
BUS,2020-06,0.6794941176470588,17,flyer
BUS,2020-07,0.6888470588235294,17,flyer
BUS,2020-08,0.6924058823529412,17,flyer
BUS,2020-09,0.687835294117647,17,flyer
BUS,2020-10,0.6928882352941176,17,flyer
BUS,2020-11,0.68361,10,flyer
BUS,2020-12,0.679364705882353,17,flyer
BUS,2021-01,0.6938529411764707,17,flyer
BUS,2021-02,0.6823470588235294,17,flyer
BUS,2021-03,0.7114529411764705,17,flyer
BUS,2021-04,0.7246529411764706,17,flyer
BUS,2021-05,0.7232411764705882,17,flyer
BUS,2021-06,0.7128470588235294,17,flyer
BUS,2021-07,0.7305529411764705,17,flyer
BUS,2021-08,0.7279117647058824,17,flyer
BUS,2021-09,0.6736352941176471,17,flyer
BUS,2021-10,0.6970470588235295,17,flyer
BUS,2021-11,0.7025235294117647,17,flyer
BUS,2021-12,0.6956411764705883,17,flyer
BUS,2022-01,0.69621875,16,flyer
BUS,2022-02,0.7047588235294118,17,flyer
BUS,2022-03,0.6828117647058823,17,flyer
BUS,2022-04,0.6718058823529411,17,flyer
BUS,2022-05,0.6825176470588236,17,flyer
BUS,2022-06,0.6843176470588235,17,flyer
BUS,2022-07,0.7062352941176471,17,flyer
BUS,2022-08,0.668635294117647,17,flyer
BUS,2022-09,0.6221,17,flyer
BUS,2022-10,0.6754941176470588,17,flyer
BUS,2022-11,0.6766235294117646,17,flyer
BUS,2022-12,0.7022294117647059,17,flyer
BUS,2023-01,0.703864705882353,17,flyer
BUS,2023-02,0.7068411764705883,17,flyer
BUS,2023-03,0.6974235294117647,17,flyer
BUS,2023-04,0.6708647058823529,17,flyer
BUS,2023-05,0.6492411764705883,17,flyer
BUS,2023-06,0.6266294117647059,17,flyer
BUS,2023-07,0.6387529411764706,17,flyer
BUS,2023-08,0.6397176470588235,17,flyer
BUS,2023-09,0.6461588235294118,17,flyer
BUS,2023-10,0.6621705882352941,17,flyer
BUS,2023-11,0.6800588235294117,17,flyer
BUS,2023-12,0.6893588235294118,17,flyer
BUS,2024-01,0.7014529411764706,17,flyer
BUS,2024-02,0.7052352941176471,17,flyer
BUS,2024-03,0.7233470588235295,17,flyer
BUS,2024-04,0.6805470588235294,17,flyer
BUS,2024-05,0.6483941176470589,17,flyer
BUS,2024-06,0.6611529411764705,17,flyer
BUS,2024-07,0.6847647058823529,17,flyer
BUS,2024-08,0.6805882352941177,17,flyer
BUS,2024-09,0.6789294117647059,17,flyer
BUS,2024-10,0.6067941176470588,17,flyer
BUS,2024-11,0.6562470588235294,17,flyer
BUS,2024-12,0.6576,17,flyer
BUS,2025-01,0.6761647058823529,17,flyer
BUS,2025-02,0.6840529411764705,17,flyer
BUS,2025-03,0.6770058823529412,17,flyer
BUS,2025-04,0.6713764705882354,17,flyer
BUS,2025-05,0.6180882352941177,17,flyer
BUS,2025-06,0.6600294117647059,17,flyer
BUS,2025-07,0.6580588235294117,17,flyer
BUS,2025-08,0.6580529411764706,17,flyer
BUS,2025-09,0.6642625,16,flyer
BUS,2025-10,0.6663411764705882,17,flyer
BUS,2025-11,0.6953470588235294,17,flyer
BUS,2019-01,0.71205,4,limited
BUS,2019-02,0.7055,4,limited
BUS,2019-03,0.713325,4,limited
BUS,2019-04,0.684125,4,limited
BUS,2019-05,0.683475,4,limited
BUS,2019-06,0.67215,4,limited
BUS,2019-07,0.72955,4,limited
BUS,2019-08,0.713225,4,limited
BUS,2019-09,0.65945,4,limited
BUS,2019-10,0.653875,4,limited
BUS,2019-11,0.629525,4,limited
BUS,2019-12,0.68145,4,limited
BUS,2020-01,0.719975,4,limited
BUS,2020-02,0.690275,4,limited
BUS,2020-03,0.736275,4,limited
BUS,2020-04,0.68625,4,limited
BUS,2020-05,0.66305,4,limited
BUS,2020-06,0.6324000000000001,4,limited
BUS,2020-07,0.636,4,limited
BUS,2020-08,0.660775,4,limited
BUS,2020-09,0.7054750000000001,4,limited
BUS,2020-10,0.6916249999999999,4,limited
BUS,2020-11,0.7084666666666667,3,limited
BUS,2020-12,0.68495,4,limited
BUS,2021-01,0.665675,4,limited
BUS,2021-02,0.6717,4,limited
BUS,2021-03,0.721325,4,limited
BUS,2021-04,0.72715,4,limited
BUS,2021-05,0.708,4,limited
BUS,2021-06,0.6954,4,limited
BUS,2021-07,0.7378750000000001,4,limited
BUS,2021-08,0.726725,4,limited
BUS,2021-09,0.6823,4,limited
BUS,2021-10,0.708125,4,limited
BUS,2021-11,0.713625,4,limited
BUS,2021-12,0.7301500000000001,4,limited
BUS,2022-01,0.720825,4,limited
BUS,2022-02,0.731425,4,limited
BUS,2022-03,0.719775,4,limited
BUS,2022-04,0.734375,4,limited
BUS,2022-05,0.7148,4,limited
BUS,2022-06,0.703875,4,limited
BUS,2022-07,0.712275,4,limited
BUS,2022-08,0.7051000000000001,4,limited
BUS,2022-09,0.60615,4,limited
BUS,2022-10,0.738025,4,limited
BUS,2022-11,0.7061999999999999,4,limited
BUS,2022-12,0.6859999999999999,4,limited
BUS,2023-01,0.7192000000000001,4,limited
BUS,2023-02,0.72975,4,limited
BUS,2023-03,0.700525,4,limited
BUS,2023-04,0.690775,4,limited
BUS,2023-05,0.680275,4,limited
BUS,2023-06,0.68305,4,limited
BUS,2023-07,0.67225,4,limited
BUS,2023-08,0.67905,4,limited
BUS,2023-09,0.633225,4,limited
BUS,2023-10,0.60885,4,limited
BUS,2023-11,0.6634,4,limited
BUS,2023-12,0.69585,4,limited
BUS,2024-01,0.689125,4,limited
BUS,2024-02,0.6819,4,limited
BUS,2024-03,0.693975,4,limited
BUS,2024-04,0.641525,4,limited
BUS,2024-05,0.63825,4,limited
BUS,2024-06,0.646775,4,limited
BUS,2024-07,0.6430750000000001,4,limited
BUS,2024-08,0.64235,4,limited
BUS,2024-09,0.64105,4,limited
BUS,2024-10,0.60615,4,limited
BUS,2024-11,0.62905,4,limited
BUS,2024-12,0.635525,4,limited
BUS,2025-01,0.66615,4,limited
BUS,2025-02,0.6538999999999999,4,limited
BUS,2025-03,0.62885,4,limited
BUS,2025-04,0.638625,4,limited
BUS,2025-05,0.5876,4,limited
BUS,2025-06,0.65815,4,limited
BUS,2025-07,0.674625,4,limited
BUS,2025-08,0.674425,4,limited
BUS,2025-09,0.6465000000000001,4,limited
BUS,2025-10,0.618775,4,limited
BUS,2025-11,0.653875,4,limited
BUS,2019-01,0.7045671875,64,local
BUS,2019-02,0.688684375,64,local
BUS,2019-03,0.69636875,64,local
BUS,2019-04,0.678971875,64,local
BUS,2019-05,0.65764375,64,local
BUS,2019-06,0.6438421875,64,local
BUS,2019-07,0.69105625,64,local
BUS,2019-08,0.68659375,64,local
BUS,2019-09,0.6688296875,64,local
BUS,2019-10,0.68673125,64,local
BUS,2019-11,0.6918,64,local
BUS,2019-12,0.7192,64,local
BUS,2020-01,0.7289384615384615,65,local
BUS,2020-02,0.717428125,64,local
BUS,2020-03,0.7521328125,64,local
BUS,2020-04,0.736525,64,local
BUS,2020-05,0.7284546875,64,local
BUS,2020-06,0.7116625,64,local
BUS,2020-07,0.7141265625,64,local
BUS,2020-08,0.710215625,64,local
BUS,2020-09,0.7090359375,64,local
BUS,2020-10,0.710971875,64,local
BUS,2020-11,0.73516875,48,local
BUS,2020-12,0.7188046875,64,local
BUS,2021-01,0.7356015625,64,local
BUS,2021-02,0.7317234375,64,local
BUS,2021-03,0.7437015625,64,local
BUS,2021-04,0.7402734375,64,local
BUS,2021-05,0.729734375,64,local
BUS,2021-06,0.7225843750000001,64,local
BUS,2021-07,0.7257453125,64,local
BUS,2021-08,0.7171125,64,local
BUS,2021-09,0.69465,64,local
BUS,2021-10,0.706565625,64,local
BUS,2021-11,0.722178125,64,local
BUS,2021-12,0.7324875,64,local
BUS,2022-01,0.7401703125,64,local
BUS,2022-02,0.70948125,64,local
BUS,2022-03,0.6851828125,64,local
BUS,2022-04,0.67975625,64,local
BUS,2022-05,0.70019375,64,local
BUS,2022-06,0.6857296875,64,local
BUS,2022-07,0.678159375,64,local
BUS,2022-08,0.6665539682539683,63,local
BUS,2022-09,0.597340625,64,local
BUS,2022-10,0.6818875,64,local
BUS,2022-11,0.679428125,64,local
BUS,2022-12,0.6967796875,64,local
BUS,2023-01,0.7187671875,64,local
BUS,2023-02,0.6900328125,64,local
BUS,2023-03,0.6886640625,64,local
BUS,2023-04,0.6714921875,64,local
BUS,2023-05,0.6575515625,64,local
BUS,2023-06,0.6477078125,64,local
BUS,2023-07,0.6366109375,64,local
BUS,2023-08,0.6359703125,64,local
BUS,2023-09,0.6164015625,64,local
BUS,2023-10,0.6442328125,64,local
BUS,2023-11,0.661046875,64,local
BUS,2023-12,0.6720453125,64,local
BUS,2024-01,0.6897046875,64,local
BUS,2024-02,0.6906890625,64,local
BUS,2024-03,0.6879015625,64,local
BUS,2024-04,0.6602421875,64,local
BUS,2024-05,0.6481140625,64,local
BUS,2024-06,0.665090625,64,local
BUS,2024-07,0.6754640625,64,local
BUS,2024-08,0.6432328125,64,local
BUS,2024-09,0.632040625,64,local
BUS,2024-10,0.6376390625,64,local
BUS,2024-11,0.6700126984126984,63,local
BUS,2024-12,0.6919125,64,local
BUS,2025-01,0.695634375,64,local
BUS,2025-02,0.7060953125,64,local
BUS,2025-03,0.690965625,64,local
BUS,2025-04,0.6602375,64,local
BUS,2025-05,0.6471888888888889,63,local
BUS,2025-06,0.6235274509803922,51,local
BUS,2025-07,0.6171627450980393,51,local
BUS,2025-08,0.6503421875,64,local
BUS,2025-09,0.6473492063492063,63,local
BUS,2025-10,0.6456460317460317,63,local
BUS,2025-11,0.6616390625,64,local
