route_id,route_name,mode,months,mean_otp,std_otp,min_otp,max_otp,recent_mean_otp,slope,slope_stderr,slope_ci_lo,slope_ci_hi,slope_significant,slope_months,obs_span_months,stop_count,limited_data,high_volatility,rank_avg,rank_slope,rank_volatility,mode_rank
G2,WEST BUSWAY,BUS,82,0.8168280487804878,0.05983972270515376,0.5165,0.9106,0.8839833333333331,0.021928584643848288,0.003993009271669781,0.014102286471375517,0.02975488281632106,1.0,47,47,24,false,false,1.0,6.0,40.0,1.0
18,MANCHESTER,BUS,83,0.8840963855421686,0.06118470725116303,0.619,0.9781,0.87485,0.009078260869565216,0.007010066420056499,-0.0046614693137455206,0.022817991052875953,0.0,47,47,43,false,false,2.0,23.0,43.0,2.0
P1,EAST BUSWAY-ALL STOPS,BUS,83,0.8454204819277108,0.05098694658161177,0.5813,0.9025,0.8388333333333332,-0.013379555966697508,0.004762805715877201,-0.02271465516981682,-0.004044456763578194,1.0,47,47,24,false,false,3.0,54.0,22.0,3.0
39,BROOKLINE,BUS,81,0.789404938271605,0.07328159370066022,0.4,0.9023,0.8264900000000001,0.031889746362398656,0.011609309574292244,0.009135499596785859,0.05464399312801145,1.0,45,47,69,false,false,4.0,4.0,65.0,4.0
43,BAILEY,BUS,80,0.79543875,0.03523964788739877,0.7193,0.8688,0.81777,0.00498635724410728,0.004982939281943913,-0.0047802037485027895,0.014752918236717349,0.0,45,47,65,false,false,5.0,31.0,2.0,5.0
G31,BRIDGEVILLE FLYER,BUS,82,0.7341548780487804,0.0709528658578477,0.4974,0.8571,0.8129583333333333,0.02619671600370027,0.005023996783800888,0.01634968230745053,0.036043749699950015,1.0,47,47,78,false,false,6.0,5.0,61.0,6.0
21,CORAOPOLIS,BUS,83,0.7360734939759036,0.04790842912834536,0.6069,0.8338,0.8022,0.019748242368177616,0.004721087920878185,0.010494910043256374,0.02900157469309886,1.0,47,47,133,false,false,7.0,8.0,18.0,7.0
P3,EAST BUSWAY-OAKLAND,BUS,83,0.8470578313253012,0.05023990766381606,0.7106,0.9335,0.7973583333333334,-0.024688112858464388,0.005396747307167006,-0.03526573758051172,-0.014110488136417057,1.0,47,47,40,false,false,8.0,71.0,20.0,8.0
SLVR,Libary via Overbrook,RAIL,80,0.84659375,0.09009636380326137,0.3483,0.9369,0.78835,-0.033392192790280835,0.013929517005270408,-0.060694046120610835,-0.0060903394599508345,1.0,45,47,58,false,false,9.0,76.0,80.0,1.0
41,BOWER HILL,BUS,80,0.76378875,0.0605584203633048,0.5463,0.9375,0.78096,0.0009371144590801332,0.007648896942653884,-0.01405472354852148,0.015928952466681745,0.0,45,47,138,false,false,10.0,36.0,41.0,9.0
60,MCKEESPORT - WALNUT,BUS,83,0.7833819277108435,0.0667450265701376,0.5499,0.9052,0.7760666666666666,0.005406660499537459,0.010376600137586347,-0.01493147577013178,0.0257447967692067,0.0,47,47,88,false,false,11.0,29.0,53.0,10.0
BLUE,SouthHills Village via Overbrook,RAIL,81,0.8507283950617285,0.07110455547039143,0.4447,0.9284,0.7743090909090907,-0.03739968866105692,0.009845936870940174,-0.05669772492809966,-0.018101652394014178,1.0,46,47,45,false,false,12.0,79.0,62.0,2.0
4,TROY HILL,BUS,83,0.7532843373493976,0.03888432652432936,0.6573,0.8297,0.7707499999999999,0.009183302497687326,0.004927560029299113,-0.00047471515973893444,0.018841320155113587,0.0,47,47,96,false,false,13.0,22.0,5.0,11.0
G3,MOON FLYER,BUS,82,0.7420414634146342,0.04792646103112336,0.6326,0.8451,0.7686333333333334,0.01226350601295097,0.0057594266435972,0.0009750297915004594,0.023551982234401483,1.0,47,47,34,false,false,14.0,17.0,19.0,12.0
O1,ROSS FLYER,BUS,83,0.7058060240963855,0.0617965255740467,0.5687,0.8296,0.7670416666666666,0.033769426456984275,0.006403794843030194,0.021217988564645095,0.046320864349323455,1.0,47,47,7,false,false,15.0,3.0,47.0,13.0
36,BANKSVILLE,BUS,80,0.7328187500000001,0.04027066996186197,0.6468,0.8262,0.7665200000000001,0.005364134399354558,0.00507854113789025,-0.004589806230910333,0.015318075029619448,0.0,45,47,78,false,false,16.0,30.0,6.0,14.0
48,ARLINGTON,BUS,83,0.7499313253012049,0.045157763905059385,0.5977,0.848,0.7621666666666668,0.010383580018501388,0.004930083765096402,0.0007206158389124404,0.020046544198090335,1.0,47,47,89,false,false,17.0,20.0,13.0,15.0
14,OHIO VALLEY,BUS,83,0.7563674698795181,0.040784293092226295,0.6292,0.8266,0.7612333333333333,0.013387604070305276,0.005666842541857673,0.002280592688264237,0.024494615452346317,1.0,47,47,138,false,false,18.0,14.0,7.0,16.0
20,KENNEDY,BUS,82,0.698530487804878,0.08300467142740492,0.45,0.8329,0.7594583333333333,0.01690740055504162,0.011531956805506251,-0.005695234783750634,0.039510035893833874,0.0,47,47,92,false,false,19.0,10.0,74.0,17.0
P7,MCKEESPORT FLYER,BUS,83,0.7169891566265061,0.08324192337888772,0.4,0.8369,0.7576583333333334,0.011882469935245145,0.008765868204273657,-0.005298631745131222,0.029063571615621512,0.0,47,47,101,false,false,20.0,18.0,75.0,18.0
8,PERRYSVILLE,BUS,83,0.7659469879518073,0.05352459962678069,0.5438,0.8393,0.7555000000000001,-0.002468547641073077,0.004675484348551433,-0.011632496964233886,0.006695401682087731,0.0,47,47,119,false,false,21.0,42.0,28.0,19.0
38,GREEN TREE,BUS,81,0.713946913580247,0.04357453696374684,0.6083,0.81,0.75518,0.014017906467282605,0.005313032584676187,0.003604362601317279,0.02443145033324793,1.0,45,47,131,false,false,22.0,13.0,12.0,20.0
31,BRIDGEVILLE,BUS,81,0.6748740740740741,0.06148184646254894,0.5077,0.7965,0.75358,0.014020182314282035,0.00703108937441096,0.00023924714043655447,0.027801117488127518,1.0,45,47,128,false,false,23.0,12.0,44.0,21.0
26,CHARTIERS,BUS,80,0.80436125,0.04291288937332333,0.684,0.8748,0.7492600000000001,-0.02348705703064157,0.004887044264214737,-0.03306566378850245,-0.013908450272780686,1.0,45,47,81,false,false,24.0,69.0,10.0,22.0
51L,CARRICK LIMITED,BUS,83,0.7352228915662651,0.056921367082680585,0.5325,0.8451,0.7477,0.0045553654024051765,0.006738950140443861,-0.00865297687286479,0.017763707677675145,0.0,47,47,50,false,false,25.0,32.0,35.0,23.0
22,MCCOY,BUS,81,0.7232444444444445,0.06261680684927967,0.5069,0.8331,0.74542,-0.0014865382137234343,0.009476577175614839,-0.020060629477928516,0.01708755305048165,0.0,45,47,65,false,false,26.0,41.0,48.0,24.0
44,VIA KNOXVILLE,BUS,80,0.72646625,0.061566337472762855,0.4809,0.8306,0.7418777777777777,-0.0008320337969011273,0.009787879685307505,-0.020016277980103837,0.018352210386301582,0.0,44,47,133,false,false,27.0,40.0,46.0,25.0
11,FINEVIEW,BUS,83,0.7557734939759037,0.051574556698229225,0.6123,0.8281,0.7353916666666667,-0.0067959296947271135,0.0069704325677572366,-0.0204579775275313,0.00686611813807707,0.0,47,47,55,false,false,28.0,47.0,23.0,26.0
24,WEST PARK,BUS,81,0.6971098765432099,0.05658121509153515,0.5748,0.8054,0.7319599999999999,0.008035292997092158,0.008350787067754715,-0.008332249655707082,0.0244028356498914,0.0,45,47,98,false,false,29.0,25.0,34.0,27.0
RED,Castle Shannon via Beechview,RAIL,81,0.827620987654321,0.10204334828401285,0.4062,0.9396,0.7275,-0.014179483522640455,0.01591554785052418,-0.04537395730966785,0.01701499026438694,0.0,45,47,59,false,false,30.0,55.0,88.0,3.0
27,FAIRYWOOD,BUS,81,0.7843629629629629,0.05351198801307154,0.6559,0.8682,0.72688,-0.03306556926990246,0.006328534180154279,-0.045469496263004845,-0.02066164227680007,1.0,45,47,105,false,false,31.0,75.0,27.0,28.0
O5,THOMPSON RUN FLYER VIA 279,BUS,83,0.6921698795180723,0.0784546206180794,0.4348,0.8534,0.7265583333333333,0.006614153561517111,0.009510745901071196,-0.012026908404582433,0.025255215527616656,0.0,47,47,127,false,false,32.0,26.0,71.0,29.0
13,BELLEVUE,BUS,83,0.712666265060241,0.04748805826040394,0.5161,0.8052,0.7242000000000001,-0.000562257169287703,0.006730697433817798,-0.013754424139570589,0.012629909800995182,0.0,47,47,133,false,false,33.0,39.0,17.0,30.0
71D,HAMILTON,BUS,82,0.6559621951219512,0.06655229381776326,0.4448,0.7999,0.7141583333333333,0.04103630897317301,0.008042951450890231,0.025272124129428156,0.05680049381691786,1.0,47,47,93,false,false,34.0,2.0,52.0,31.0
40,MOUNT WASHINGTON,BUS,80,0.7615112500000001,0.04207453300432042,0.5692,0.8408,0.7132888888888889,-0.01622461769990325,0.0059128721184241485,-0.027813847052014583,-0.004635388347791919,1.0,44,47,77,false,false,35.0,60.0,9.0,32.0
P13,MOUNT ROYAL FLYER,BUS,82,0.6792658536585365,0.05967277067786764,0.5142,0.8421,0.7065750000000001,0.021805920444033292,0.008174668396614165,0.0057835703866695315,0.03782827050139705,1.0,47,47,123,false,false,36.0,7.0,39.0,33.0
59,MON VALLEY,BUS,83,0.689755421686747,0.047448316562730505,0.5859,0.7742,0.7062499999999999,0.00896392229417207,0.005848700345848154,-0.002499530383690312,0.02042737497203445,0.0,47,47,334,false,false,37.0,24.0,16.0,34.0
P78,OAKMONT FLYER,BUS,83,0.5961602409638553,0.08483227201690988,0.3841,0.7405,0.7036333333333333,0.06593741905642925,0.008103329502585898,0.05005489323136089,0.0818199448814976,1.0,47,47,149,false,false,38.0,1.0,77.0,35.0
89,GARFIELD COMMONS,BUS,82,0.722351219512195,0.08229218231460005,0.4661,0.8724,0.70025,-0.022708140610545786,0.009600355719651066,-0.04152483782106187,-0.0038914434000296982,1.0,47,47,54,false,false,39.0,67.0,73.0,36.0
79,EAST HILLS,BUS,82,0.709910975609756,0.046659761410008306,0.6003,0.7863,0.6912416666666665,-0.00931581868640148,0.006152545806122595,-0.021374808466401767,0.002743171093598805,0.0,47,47,114,false,false,40.0,50.0,14.0,37.0
51,CARRICK,BUS,83,0.7006710843373495,0.047178706777529666,0.5577,0.7927,0.688125,-0.009548658649398706,0.004125149507917661,-0.01763395168491732,-0.001463365613880092,1.0,47,47,141,false,false,41.0,51.0,15.0,38.0
71,EDGEWOOD TOWN CENTER,BUS,83,0.7087638554216867,0.09389821367468032,0.3476,0.896,0.6865833333333334,-0.027381591119333956,0.011131880300553211,-0.04920007650841825,-0.005563105730249662,1.0,47,47,95,false,false,42.0,73.0,83.0,39.0
7,SPRING GARDEN,BUS,83,0.7074795180722891,0.09936515652617992,0.2863,0.8527,0.6796666666666665,-0.015743478260869567,0.015413510728516676,-0.04595395928876225,0.014467002767023118,0.0,47,47,67,false,false,43.0,58.0,86.0,40.0
P76,LINCOLN HIGHWAY FLYER,BUS,81,0.6996135802469136,0.07164081370470048,0.507,0.8232,0.6796500000000001,-0.01918290471785384,0.009350066166727445,-0.03750903440463963,-0.000856775031068048,1.0,46,46,100,false,false,44.0,64.0,63.0,41.0
P68,BRADDOCK HILLS FLYER,BUS,83,0.6795807228915662,0.0662065954599531,0.4755,0.7948,0.6719583333333333,-0.018087974098057354,0.006519057379360853,-0.030865326561604622,-0.005310621634510083,1.0,47,47,175,false,false,45.0,61.0,50.0,42.0
29,ROBINSON,BUS,81,0.6510407407407407,0.05634081508502023,0.5213,0.7616,0.6712,0.0004771748569891858,0.006117584032926834,-0.011513289847547407,0.01246763956152578,0.0,45,47,131,false,false,46.0,38.0,33.0,43.0
55,GLASSPORT,BUS,82,0.7121536585365854,0.06929324552464514,0.522,0.8173,0.66255,-0.010287825441636632,0.008473381681623454,-0.0268956535376186,0.006320002654345338,0.0,46,47,199,false,false,47.0,52.0,58.0,44.0
61D,MURRAY,BUS,83,0.6678686746987952,0.06892445834374222,0.3837,0.78,0.6616083333333332,0.01931794634597593,0.009782475790490762,0.00014429379661403882,0.03849159889533782,1.0,47,47,75,false,false,48.0,9.0,56.0,45.0
54,NORTH SIDE-OAKLAND-SOUTH SIDE,BUS,83,0.6672096385542169,0.03413012621894943,0.5899,0.7299,0.6595583333333334,-0.003107678075855689,0.004177540064530443,-0.011295656602335356,0.0050803004506239785,0.0,47,47,211,false,false,49.0,43.0,1.0,46.0
17,SHADELAND,BUS,82,0.6683573170731708,0.0361477251320081,0.5697,0.769,0.6594666666666666,0.005507400555041629,0.002999148423656714,-0.0003709303553255305,0.011385731465408788,0.0,47,47,101,false,false,50.0,28.0,4.0,47.0
86,LIBERTY,BUS,83,0.628733734939759,0.05524748813870369,0.4951,0.7219,0.6577333333333334,0.01624204440333025,0.007924155294772667,0.0007107000255758208,0.031773388781084676,1.0,47,47,142,false,false,51.0,11.0,29.0,48.0
75,ELLSWORTH,BUS,83,0.6881614457831325,0.053187908563849515,0.5613,0.779,0.6537833333333333,-0.011603700277520813,0.006625481056160619,-0.024589643147595625,0.0013822425925539995,0.0,47,47,150,false,false,52.0,53.0,26.0,49.0
12,MCKNIGHT,BUS,83,0.654610843373494,0.035853910941037556,0.5684,0.742,0.6529333333333334,-0.004156984273820537,0.00411133305357589,-0.012215197058829282,0.003901228511188207,0.0,47,47,108,false,false,53.0,45.0,3.0,50.0
SWL,Outbound to SHJ,UNKNOWN,13,0.829823076923077,0.18703122356907037,0.2097,0.9008,0.6516666666666666,-0.10448242811501601,0.12373332488479186,-0.34699974488920804,0.138034888659176,0.0,13,21,,false,true,54.0,94.0,94.0,1.0
16,BRIGHTON,BUS,83,0.7138240963855421,0.0518331718590151,0.5465,0.8328,0.6473166666666668,-0.021937742830712308,0.005583692915986838,-0.03288178094604651,-0.010993704715378106,1.0,47,47,95,false,false,55.0,66.0,24.0,51.0
88,PENN,BUS,83,0.6430156626506024,0.05754640859283561,0.5071,0.7656,0.647225,0.009503977798334876,0.008173180020642674,-0.006515455042124764,0.025523410638794514,0.0,47,47,70,false,false,56.0,21.0,36.0,52.0
57,HAZELWOOD,BUS,83,0.661587951807229,0.058302590407226115,0.3707,0.7587,0.6449666666666667,-0.006644680851063834,0.00784283995524477,-0.022016647163343582,0.008727285461215914,0.0,47,47,79,false,false,57.0,46.0,37.0,53.0
2,MOUNT ROYAL,BUS,82,0.6322256097560975,0.04121716893547767,0.5369,0.7303,0.6447666666666667,0.003384227567067525,0.005360401267678482,-0.007122158917582298,0.013890614051717348,0.0,47,47,187,false,false,58.0,33.0,8.0,54.0
93,LAWRENCEVILLE - HAZELWOOD,BUS,83,0.6605530120481927,0.09488957425235162,0.3315,0.7646,0.6403,-0.0036649398704902882,0.013128427103691907,-0.029396656993726428,0.022066777252745848,0.0,47,47,173,false,false,59.0,44.0,85.0,55.0
52L,HOMEVILLE LIMITED,BUS,83,0.6749771084337349,0.0530975754471534,0.5592,0.7959,0.6386416666666667,-0.018311655874190563,0.00558959143753948,-0.029267255091767946,-0.007356056656613182,1.0,47,47,136,false,false,60.0,62.0,25.0,56.0
P10,ALLEGHENY VALLEY FLYER,BUS,83,0.6431036144578314,0.05581993359702577,0.5156,0.7595,0.6358166666666667,0.011530989824236813,0.006766916384139621,-0.001732166288676843,0.02479414593715047,0.0,47,47,189,false,false,61.0,19.0,31.0,57.0
56,LINCOLN PLACE,BUS,83,0.6623096385542169,0.07272200595327225,0.3651,0.7772,0.6338,0.0008191026827011998,0.01111829164659192,-0.020972748944618962,0.022610954310021362,0.0,47,47,142,false,false,62.0,37.0,64.0,58.0
87,FRIENDSHIP,BUS,82,0.6755170731707317,0.06611901690335523,0.514,0.7728,0.6314833333333334,-0.009165646385467213,0.008837545049277662,-0.02648723468205143,0.008155941911117005,0.0,46,47,175,false,false,63.0,49.0,49.0,59.0
15,CHARLES,BUS,83,0.6856385542168675,0.12724079039108357,0.3503,0.8401,0.6290749999999999,-0.026798381128584618,0.01813355007820156,-0.06234013928185968,0.00874337702469044,0.0,47,47,95,false,true,64.0,72.0,92.0,60.0
1,FREEPORT ROAD,BUS,82,0.6164829268292683,0.055850235816070036,0.461,0.7201,0.6289666666666666,-0.006964662349676225,0.007807827344113286,-0.022268003944138266,0.008338679244785815,0.0,47,47,221,false,false,65.0,48.0,32.0,61.0
6,SPRING HILL,BUS,83,0.7247855421686747,0.08358090447763789,0.4886,0.8426,0.6268083333333333,-0.04497765957446809,0.007885760235269714,-0.06043374963559672,-0.02952156951333945,1.0,47,47,80,false,false,66.0,84.0,76.0,62.0
71A,NEGLEY,BUS,83,0.6446518072289156,0.07534594905751084,0.3906,0.7724,0.6256166666666667,0.003272109158186866,0.009349514450921737,-0.015052939165619738,0.021597157481993468,0.0,47,47,72,false,false,67.0,34.0,67.0,63.0
19L,EMSWORTH LIMITED,BUS,83,0.6602963855421686,0.07551658264956815,0.4888,0.7905,0.6231666666666666,-0.041961563367252555,0.00802760158147805,-0.05769566246694953,-0.026227464267555577,1.0,47,47,81,false,false,68.0,83.0,68.0,64.0
P69,TRAFFORD FLYER,BUS,83,0.6454650602409638,0.07075228761919988,0.4604,0.7793,0.620375,-0.021859620721554108,0.006806155413503133,-0.035199685332020246,-0.008519556111087968,1.0,47,47,128,false,false,69.0,65.0,60.0,65.0
P17,LINCOLN PARK FLYER,BUS,82,0.689380487804878,0.07495648521844073,0.5279,0.8276,0.6138416666666666,-0.03838334875115634,0.006622162437497584,-0.05136278712865161,-0.025403910373661076,1.0,47,47,177,false,false,70.0,80.0,66.0,66.0
P67,MONROEVILLE FLYER,BUS,83,0.6799807228915663,0.06800450210675854,0.435,0.85,0.6083416666666667,-0.02910860314523589,0.008101944784357322,-0.04498841492257624,-0.013228791367895537,1.0,47,47,69,false,false,71.0,74.0,54.0,67.0
69,TRAFFORD,BUS,82,0.6026573170731707,0.07804642497880539,0.2971,0.7493,0.6072333333333333,0.013238575393154487,0.009910674363113126,-0.006186346358547239,0.03266349714485621,0.0,47,47,209,false,false,72.0,15.0,69.0,68.0
77,PENN HILLS,BUS,83,0.5577253012048192,0.058442260109243416,0.3834,0.6866,0.6065333333333333,0.006121415356151707,0.00886236174529649,-0.011248813664629414,0.023491644376932828,0.0,47,47,258,false,false,73.0,27.0,38.0,69.0
71C,POINT BREEZE,BUS,83,0.6080518072289156,0.060886436395456704,0.429,0.7109,0.604575,0.012346623496762264,0.007578507071718295,-0.002507250363805594,0.02720049735733012,0.0,47,47,100,false,false,74.0,16.0,42.0,70.0
67,MONROEVILLE,BUS,82,0.6035817073170732,0.05077939002558097,0.3458,0.6941,0.6014166666666666,0.001544403330249762,0.006695522404643684,-0.011578820582851859,0.014667627243351382,0.0,47,47,191,false,false,75.0,35.0,21.0,71.0
P71,SWISSVALE FLYER,BUS,81,0.6818679012345679,0.07872114840873534,0.4807,0.835,0.5905454545454546,-0.04670460935448882,0.008186642973055856,-0.0627504295816783,-0.030658789127299343,1.0,46,47,111,false,false,76.0,87.0,72.0,72.0
28X,AIRPORT FLYER,BUS,83,0.6166469879518072,0.04356734998504464,0.5181,0.7073,0.5876,-0.01578621646623497,0.004271131326527622,-0.024157633866229107,-0.00741479906624083,1.0,47,47,74,false,false,77.0,59.0,11.0,73.0
91,BUTLER STREET,BUS,83,0.6465373493975903,0.05545157129191453,0.5129,0.7516,0.5833666666666667,-0.019017252543940797,0.006879584371243221,-0.03250123791157751,-0.005533267176304084,1.0,47,47,158,false,false,78.0,63.0,30.0,74.0
O12,MCKNIGHT FLYER,BUS,83,0.6471686746987952,0.06838750229518097,0.4591,0.7891,0.5823333333333335,-0.03414962997224791,0.007278148347834688,-0.04841480073400389,-0.01988445921049192,1.0,47,47,64,false,false,79.0,77.0,55.0,75.0
74,HOMEWOOD-SQUIRREL HILL,BUS,82,0.6572341463414634,0.061524296554663745,0.4826,0.7639,0.5732916666666666,-0.04159981498612396,0.006556857237480683,-0.054451255171586097,-0.02874837480066182,1.0,47,47,171,false,false,80.0,82.0,45.0,76.0
64,LAWRENCEVILLE - WATERFRONT,BUS,82,0.680559756097561,0.08883698187178535,0.484,0.8022,0.57165,-0.053062673450508795,0.0066620895950924314,-0.06612036905688996,-0.040004977844127626,1.0,47,47,110,false,false,81.0,88.0,78.0,77.0
53L,HOMESTEAD PARK LIMITED,BUS,82,0.6500780487804878,0.06652924730344556,0.444,0.7706,0.5694916666666666,-0.03910198889916742,0.0055254079641414945,-0.049931788508884745,-0.02827218928945009,1.0,47,47,146,false,false,82.0,81.0,51.0,78.0
81,OAK HILL,BUS,83,0.6691469879518073,0.08957077367598483,0.4412,0.8372,0.5616916666666668,-0.05832030527289544,0.007643625144675101,-0.07330181055645864,-0.04333879998933224,1.0,47,47,93,false,false,83.0,90.0,79.0,79.0
83,BEDFORD HILL,BUS,83,0.6541397590361445,0.09192873690111221,0.3497,0.8113,0.5560333333333333,-0.03481928769657725,0.009605983838314713,-0.05364701601967409,-0.015991559373480416,1.0,47,47,106,false,false,84.0,78.0,82.0,80.0
82,LINCOLN,BUS,82,0.6079463414634146,0.06923489128781124,0.4568,0.7244,0.5428666666666667,-0.045681868640148025,0.005582969910928137,-0.05662448966556717,-0.03473924761472888,1.0,47,47,136,false,false,85.0,86.0,57.0,81.0
P12,HOLIDAY PARK FLYER,BUS,82,0.6679280487804878,0.07807831660929168,0.4739,0.7957,0.531275,-0.058378307123034226,0.008160799314919375,-0.0743734737802762,-0.04238314046579225,1.0,47,47,62,false,false,86.0,91.0,70.0,82.0
P16,PENN HILLS FLYER,BUS,83,0.6379180722891566,0.0695663416381912,0.4532,0.7472,0.5307000000000001,-0.02445846438482887,0.007723586186811811,-0.03959669331098002,-0.00932023545867772,1.0,47,47,199,false,false,87.0,70.0,59.0,83.0
61A,NORTH BRADDOCK,BUS,83,0.5899975903614457,0.09472979670814634,0.3953,0.7547,0.5030916666666667,-0.014681822386679002,0.007927241488361061,-0.03021921570386668,0.0008555709305086787,0.0,47,47,187,false,false,88.0,56.0,84.0,84.0
61B,BRADDOCK-SWISSVALE,BUS,83,0.5842313253012048,0.09183489151429136,0.3746,0.7407,0.5006166666666666,-0.01560235892691952,0.008516306190497421,-0.032294319060294466,0.0010896012064554247,0.0,47,47,137,false,false,89.0,57.0,81.0,85.0
58,GREENFIELD,BUS,83,0.6076132530120482,0.1100022957311263,0.3823,0.7736,0.4981916666666666,-0.045382978723404244,0.010238851660951708,-0.0654511279788696,-0.025314829467938896,1.0,47,47,102,false,false,90.0,85.0,90.0,86.0
65,SQUIRREL HILL,BUS,81,0.6150641975308642,0.15923314456218127,0.282,0.8435,0.46549999999999997,-0.08328766738239313,0.017440781455456137,-0.11747159903508715,-0.0491037357296991,1.0,46,47,70,false,true,91.0,93.0,93.0,87.0
61C,MCKEESPORT-HOMESTEAD,BUS,83,0.5677506024096386,0.09952162943422115,0.3906,0.7609,0.447525,-0.054056614246068474,0.006036947610996551,-0.06588903156362172,-0.042224196928515235,1.0,47,47,158,false,false,92.0,89.0,87.0,88.0
71B,HIGHLAND PARK,BUS,83,0.5879493975903615,0.11642189192915724,0.3377,0.7568,0.41874166666666673,-0.07167308048103609,0.008367938032261343,-0.08807423902426832,-0.05527192193780385,1.0,47,47,107,false,false,93.0,92.0,91.0,89.0
37,CASTLE SHANNON,UNKNOWN,3,0.8142999999999999,0.01305028735315817,0.8049,0.8292,,,,,,,,,,true,false,,,,
42,POTOMAC,UNKNOWN,3,0.8308,0.05920751641472558,0.7887,0.8985,,,,,,,,,,true,false,,,,
53,HOMESTEAD PARK,BUS,2,0.71645,0.01689985207035851,0.7045,0.7284,,,,,,,,,110,true,false,,,,
P2,EAST BUSWAY SHORT,UNKNOWN,57,0.8377,0.10247885670433957,0.3214,0.9148,,-0.023415584415584417,0.011912612730434782,-0.04676430536723659,-0.00006686346393224712,1.0,21,21,,false,false,,68.0,89.0,
RLSH,Red Line Shuttle,UNKNOWN,3,0.9751333333333333,0.009298566197717479,0.9682,0.9857,,,,,,,,,,true,false,,,,
