current_garage,month,weighted_otp,unweighted_otp,total_riders,n_routes
Collier,2019-01,0.7187947977853698,0.7271111111111112,25598.363636363632,18
Collier,2019-02,0.7122286914608439,0.7234555555555555,27064.15,18
Collier,2019-03,0.7245443202953202,0.7308388888888889,26960.23809523809,18
Collier,2019-04,0.6744978526057577,0.6993555555555555,27350.272727272735,18
Collier,2019-05,0.6582497085979961,0.6840055555555555,27765.454545454544,18
Collier,2019-06,0.6671837333396793,0.6743166666666667,27314.15,18
Collier,2019-07,0.735411386364697,0.7303999999999999,27271.454545454544,18
Collier,2019-08,0.7241326248523072,0.7175277777777778,27314.090909090897,18
Collier,2019-09,0.716669837870747,0.7127611111111112,28415.600000000002,18
Collier,2019-10,0.711850357706959,0.70855,27609.4347826087,18
Collier,2019-11,0.7294690173930136,0.7254499999999999,25691.35,18
Collier,2019-12,0.7535489408936622,0.7435166666666667,24088.14285714286,18
Collier,2020-01,0.7720621918440944,0.7641833333333333,25586.59090909091,18
Collier,2020-02,0.7805423620710655,0.7726722222222222,25862.05,18
Collier,2020-03,0.7877102846034687,0.7810722222222223,16461.5,18
Collier,2020-04,0.7442985980821666,0.7353222222222222,7418.409090909092,18
Collier,2020-05,0.7423292829923516,0.7303166666666666,9250.25,18
Collier,2020-06,0.7421269941027443,0.7343944444444443,10675.227272727268,18
Collier,2020-07,0.7542656572223472,0.7380888888888889,9095.260869565212,18
Collier,2020-08,0.7208007627191939,0.7109166666666666,8809.333333333334,18
Collier,2020-09,0.7121362964260507,0.7038666666666668,9242.80952380952,18
Collier,2020-10,0.7269417821604484,0.7173777777777778,9117.636363636359,18
Collier,2020-11,0.7290710163905993,0.73317,5765.5,10
Collier,2020-12,0.7268114277880856,0.7318055555555555,7128.954545454545,18
Collier,2021-01,0.7341759015683335,0.7368333333333333,7272.05,18
Collier,2021-02,0.7427924844231475,0.7393388888888889,7366.7,18
Collier,2021-03,0.7604836826387151,0.7584833333333333,8167.347826086956,18
Collier,2021-04,0.7723797713374102,0.7757444444444445,8547.727272727278,18
Collier,2021-05,0.7585941662922371,0.7587555555555556,8791.15,18
Collier,2021-06,0.7649603980878226,0.7585833333333334,9118.59090909091,18
Collier,2021-07,0.7573936640689668,0.7559055555555556,9434.476190476184,18
Collier,2021-08,0.763672625247284,0.7582833333333334,9627.318181818177,18
Collier,2021-09,0.7591615330858267,0.7553333333333333,10902.38095238095,18
Collier,2021-10,0.7565261032312359,0.7554500000000001,10864.190476190484,18
Collier,2021-11,0.7649061453354908,0.7620555555555556,10123.047619047611,18
Collier,2021-12,0.7723074838270344,0.772461111111111,9577.173913043487,18
Collier,2022-01,0.7733420907531336,0.7740944444444444,8688.142857142853,18
Collier,2022-02,0.7633197036199432,0.7636499999999999,10081.65,18
Collier,2022-03,0.7460113430289153,0.7387277777777778,11925.34782608696,18
Collier,2022-04,0.7451939191967721,0.7397666666666667,11695.666666666664,18
Collier,2022-05,0.7369049334107703,0.7311166666666666,11888.809523809523,18
Collier,2022-06,0.7104142297149232,0.7108388888888889,11491.318181818171,18
Collier,2022-07,0.7167667743740873,0.719061111111111,11435.3,18
Collier,2022-08,0.7193669831548984,0.71735,11699.956521739135,18
Collier,2022-09,0.6867694334105395,0.6888944444444445,12767.285714285716,18
Collier,2022-10,0.7457243866485743,0.7408555555555556,12598.619047619046,18
Collier,2022-11,0.7464647365859257,0.7395777777777778,12033.380952380947,18
Collier,2022-12,0.7634656671657879,0.7595833333333333,10837.227272727274,18
Collier,2023-01,0.7874793158107563,0.7810611111111112,11240.909090909088,18
Collier,2023-02,0.7768759134862583,0.7725166666666667,12058.2,18
Collier,2023-03,0.752957667732195,0.7547111111111111,12282.130434782608,18
Collier,2023-04,0.7450568047809402,0.747,12533.1,18
Collier,2023-05,0.7026895077844476,0.7009333333333333,13266.545454545449,18
Collier,2023-06,0.7199915904903939,0.7182,12953.409090909097,18
Collier,2023-07,0.6952646001149645,0.693288888888889,13047.5,18
Collier,2023-08,0.7253370548148728,0.7241666666666666,13315.173913043474,18
Collier,2023-09,0.7215695798260259,0.719538888888889,14226.25,18
Collier,2023-10,0.7467116724449996,0.7369222222222223,14264.36363636363,18
Collier,2023-11,0.7368338027993105,0.7299500000000001,11438.190476190477,18
Collier,2023-12,0.7407258798693802,0.7359555555555555,10610.95,18
Collier,2024-01,0.7706124202761541,0.7575333333333334,10241.318181818182,18
Collier,2024-02,0.7774246083036205,0.7694388888888889,11111.61904761905,18
Collier,2024-03,0.7634255779311926,0.7666666666666667,11636.333333333328,18
Collier,2024-04,0.7554628146836586,0.7513833333333334,12476.454545454551,18
Collier,2024-05,0.7223183440144082,0.7155111111111112,13199.500000000002,18
Collier,2024-06,0.7341910961304082,0.7253833333333334,13128.0,18
Collier,2024-07,0.7545439425470133,0.7487333333333334,13149.090909090899,18
Collier,2024-08,0.7045670636577229,0.7018833333333334,13174.863636363641,18
Collier,2024-09,0.7004866205844907,0.7041055555555555,13902.7,18
Collier,2024-10,0.717127957043192,0.7166611111111112,13866.304347826097,18
East Liberty,2019-01,0.6832775607297229,0.6821645161290323,67270.86363636362,31
East Liberty,2019-02,0.6625617226255801,0.6690258064516129,74444.5,31
East Liberty,2019-03,0.6927885508158287,0.6888193548387097,71820.04761904763,31
East Liberty,2019-04,0.6719726598238607,0.6600677419354839,73738.13636363637,31
East Liberty,2019-05,0.6127484688541072,0.6063322580645161,70444.86363636363,31
East Liberty,2019-06,0.6187996845872052,0.6140354838709677,67165.95,31
East Liberty,2019-07,0.681942214367914,0.6606774193548388,67028.77272727272,31
East Liberty,2019-08,0.681070367462413,0.6597935483870967,70339.90909090915,31
East Liberty,2019-09,0.6458679734924725,0.6416741935483871,80860.05,31
East Liberty,2019-10,0.6663679453853759,0.6683290322580645,78663.43478260867,31
East Liberty,2019-11,0.657939460070634,0.6458387096774194,71948.3,31
East Liberty,2019-12,0.6984220336070726,0.6913451612903225,65680.61904761905,31
East Liberty,2020-01,0.7012003999290096,0.6991516129032258,70944.40909090909,31
East Liberty,2020-02,0.6832513494979181,0.6811566666666666,69411.0,30
East Liberty,2020-03,0.7398465515932218,0.7335451612903225,42502.5,31
East Liberty,2020-04,0.7139103786764252,0.7119903225806452,14706.727272727274,31
East Liberty,2020-05,0.7426193117859189,0.7291096774193548,19286.15,31
East Liberty,2020-06,0.7220430834021603,0.703883870967742,22784.454545454555,31
East Liberty,2020-07,0.7091524070744882,0.6923193548387097,21185.73913043478,31
East Liberty,2020-08,0.7153392873760732,0.7119967741935483,22003.19047619047,31
East Liberty,2020-09,0.716860578601927,0.7094322580645162,24000.38095238094,31
East Liberty,2020-10,0.7068404594393525,0.7015838709677419,24072.818181818173,31
East Liberty,2020-11,0.7334477147589783,0.7149761904761904,18443.35,21
East Liberty,2020-12,0.7232997706573592,0.7121645161290323,18570.86363636363,31
East Liberty,2021-01,0.7348743926995417,0.725541935483871,18672.8,31
East Liberty,2021-02,0.7210367209855281,0.7108709677419355,20671.15,31
East Liberty,2021-03,0.7366975094428259,0.7282451612903226,22952.782608695645,31
East Liberty,2021-04,0.711814728049621,0.7188451612903225,24732.95454545456,31
East Liberty,2021-05,0.7119467099310665,0.7156999999999999,24646.9,31
East Liberty,2021-06,0.7067617603772262,0.7025225806451614,25294.68181818182,31
East Liberty,2021-07,0.7204215136172996,0.721358064516129,26636.285714285714,31
East Liberty,2021-08,0.6835736222560886,0.7042838709677419,31019.090909090923,31
East Liberty,2021-09,0.6197018617237372,0.6554064516129032,40438.7142857143,31
East Liberty,2021-10,0.6549150779038838,0.6767064516129032,40244.95238095238,31
East Liberty,2021-11,0.6982841433622959,0.7095741935483871,37114.09523809524,31
East Liberty,2021-12,0.7200116474463188,0.7147870967741936,30862.521739130414,31
East Liberty,2022-01,0.7362274127623334,0.7252935483870968,28403.52380952379,31
East Liberty,2022-02,0.6771952518871761,0.699858064516129,38238.35,31
East Liberty,2022-03,0.6619308947961136,0.6764,41503.26086956521,31
East Liberty,2022-04,0.6355938073505023,0.6626516129032258,40514.23809523807,31
East Liberty,2022-05,0.6892769272405589,0.6911967741935484,37653.7619047619,31
East Liberty,2022-06,0.6842473039065652,0.6930322580645162,36385.136363636375,31
East Liberty,2022-07,0.6898197473268013,0.6990354838709678,34649.5,31
East Liberty,2022-08,0.6500886676741304,0.6533833333333334,37085.52173913043,30
East Liberty,2022-09,0.5454030547073472,0.5955129032258064,49372.666666666664,31
East Liberty,2022-10,0.6477793155635049,0.6730354838709678,47071.04761904762,31
East Liberty,2022-11,0.6298209451735384,0.6565032258064517,44071.5238095238,31
East Liberty,2022-12,0.661800688274593,0.6722322580645161,36012.31818181818,31
East Liberty,2023-01,0.6772142235204609,0.6809741935483871,39789.72727272728,31
East Liberty,2023-02,0.6582217908036565,0.6557999999999999,44939.6,31
East Liberty,2023-03,0.6735028721191079,0.6609677419354838,43240.3043478261,31
East Liberty,2023-04,0.6376723744356074,0.6370032258064516,44705.15,31
East Liberty,2023-05,0.6334109474697486,0.6326193548387097,40798.13636363636,31
East Liberty,2023-06,0.6316520161186406,0.6166387096774194,38803.181818181816,31
East Liberty,2023-07,0.6335313329883333,0.6206258064516129,38164.25,31
East Liberty,2023-08,0.6053750340709375,0.6045516129032258,42303.04347826089,31
East Liberty,2023-09,0.5652214941898198,0.585558064516129,51771.2,31
East Liberty,2023-10,0.6000944949040571,0.60209,48603.72727272728,30
East Liberty,2023-11,0.6377773678511305,0.6327833333333334,44239.42857142855,30
East Liberty,2023-12,0.6583836157461954,0.6399433333333333,36368.15,30
East Liberty,2024-01,0.6585143532921429,0.6544233333333334,34496.04545454545,30
East Liberty,2024-02,0.6321846054734582,0.6434933333333334,37808.428571428565,30
East Liberty,2024-03,0.6770637795499969,0.6793933333333333,36763.761904761894,30
East Liberty,2024-04,0.6432696832981696,0.64845,39856.818181818184,30
East Liberty,2024-05,0.6380144538561594,0.62575,37252.09090909092,30
East Liberty,2024-06,0.6656435942433417,0.6461233333333334,34759.75,30
East Liberty,2024-07,0.6689707321559971,0.6541866666666666,33851.45454545455,30
East Liberty,2024-08,0.630830762723863,0.62288,37883.36363636363,30
East Liberty,2024-09,0.6037521706180607,0.6047533333333334,46249.5,30
East Liberty,2024-10,0.5937688203620229,0.5733333333333334,44919.086956521736,30
Ross,2019-01,0.7033193245365913,0.7244545454545454,30789.636363636364,22
Ross,2019-02,0.6910857540682964,0.7096318181818182,33180.35,22
Ross,2019-03,0.7171966175862561,0.7244909090909091,32363.476190476213,22
Ross,2019-04,0.6665530562319829,0.6733272727272728,32497.68181818182,22
Ross,2019-05,0.6382237467395773,0.6457181818181819,33058.31818181819,22
Ross,2019-06,0.6559133802650017,0.6568863636363637,31648.850000000002,22
Ross,2019-07,0.7129226061230868,0.7195545454545454,32142.136363636346,22
Ross,2019-08,0.7179714739039783,0.7358363636363637,32243.68181818182,22
Ross,2019-09,0.7079248031540796,0.72,35205.2,22
Ross,2019-10,0.7141196380186122,0.7216272727272727,34563.39130434783,22
Ross,2019-11,0.7215314009342024,0.7205181818181818,32476.9,22
Ross,2019-12,0.7259586957714981,0.7427499999999999,30364.2380952381,22
Ross,2020-01,0.7476540867247137,0.7630727272727273,32090.045454545474,22
Ross,2020-02,0.743492131639345,0.7600954545454546,32699.95,22
Ross,2020-03,0.7604968742077398,0.7639136363636364,21335.681818181827,22
Ross,2020-04,0.7500376026980753,0.7336181818181818,10539.500000000007,22
Ross,2020-05,0.722201806593126,0.7118818181818182,13312.35,22
Ross,2020-06,0.6981535017140226,0.6897227272727272,15394.409090909094,22
Ross,2020-07,0.692688720731671,0.6914272727272727,13163.434782608692,22
Ross,2020-08,0.6943205821213337,0.6995681818181818,13171.857142857147,22
Ross,2020-09,0.6942927226368769,0.7002454545454545,13614.952380952383,22
Ross,2020-10,0.7020535473306507,0.7103818181818181,13351.90909090908,22
Ross,2020-11,0.7184542725205957,0.7335333333333334,10578.65,18
Ross,2020-12,0.6948328841972657,0.693490909090909,11979.227272727265,22
Ross,2021-01,0.7208106753934111,0.7174136363636363,11657.65,22
Ross,2021-02,0.721571664752476,0.72165,11797.85,22
Ross,2021-03,0.7287257906201168,0.7323590909090908,12854.521739130436,22
Ross,2021-04,0.7248441875845383,0.7359000000000001,13677.227272727272,22
Ross,2021-05,0.7123453891042908,0.7263681818181819,13940.35,22
Ross,2021-06,0.7111471338910147,0.7297863636363636,14361.409090909094,22
Ross,2021-07,0.6970044583022489,0.7266681818181818,14936.28571428571,22
Ross,2021-08,0.7017162059910608,0.7301454545454547,15630.863636363636,22
Ross,2021-09,0.6851259129591298,0.7139681818181818,17967.476190476198,22
Ross,2021-10,0.7054193270933468,0.7302227272727273,18259.095238095244,22
Ross,2021-11,0.678199521148349,0.7058681818181818,17024.857142857138,22
Ross,2021-12,0.70976405570377,0.7223909090909091,15563.69565217391,22
Ross,2022-01,0.7170262552915782,0.7272818181818181,14184.714285714274,22
Ross,2022-02,0.7028451140707928,0.7223545454545455,16976.3,22
Ross,2022-03,0.689734819390878,0.7152181818181819,19108.043478260875,22
Ross,2022-04,0.6853462629850091,0.7077227272727273,18207.809523809523,22
Ross,2022-05,0.6959957891396259,0.708409090909091,18156.000000000007,22
Ross,2022-06,0.6761379937132361,0.6928318181818182,18089.954545454533,22
Ross,2022-07,0.6612127257815489,0.6817636363636365,18167.45,22
Ross,2022-08,0.6682913099423429,0.6832136363636363,18550.434782608696,22
Ross,2022-09,0.6148073556244463,0.6318909090909091,21504.761904761916,22
Ross,2022-10,0.6939089588478798,0.7068181818181819,20533.57142857142,22
Ross,2022-11,0.6992964568222353,0.7094818181818181,19570.80952380952,22
Ross,2022-12,0.7157671667398565,0.71705,17803.454545454544,22
Ross,2023-01,0.7426701183106755,0.7453545454545455,18195.545454545456,22
Ross,2023-02,0.7249667475014513,0.7390181818181819,19896.55,22
Ross,2023-03,0.7105279388352278,0.7243409090909091,19553.73913043478,22
Ross,2023-04,0.6928677239834468,0.7101818181818182,20044.45,22
Ross,2023-05,0.6768827393591326,0.6959136363636363,20229.681818181816,22
Ross,2023-06,0.6686074987577785,0.6739863636363637,19210.454545454544,22
Ross,2023-07,0.6624156094502895,0.6588636363636363,19061.85,22
Ross,2023-08,0.6613686554290014,0.6644181818181818,19708.565217391308,22
Ross,2023-09,0.6670469820663811,0.6703954545454546,21668.8,22
Ross,2023-10,0.6761506698378175,0.6869272727272727,21233.09090909091,22
Ross,2023-11,0.6746652391766513,0.6860681818181819,18389.47619047619,22
Ross,2023-12,0.679125289507829,0.7025045454545454,16454.65,22
Ross,2024-01,0.7103916216962353,0.7204454545454545,15641.590909090903,22
Ross,2024-02,0.7148051382009292,0.7340409090909091,17333.285714285714,22
Ross,2024-03,0.6584675478372021,0.6834863636363636,17285.809523809516,22
Ross,2024-04,0.6337519448262321,0.6595545454545454,18520.0,22
Ross,2024-05,0.639073604155695,0.6653363636363636,18988.181818181827,22
Ross,2024-06,0.6459537403613765,0.6706318181818182,18246.899999999998,22
Ross,2024-07,0.6730073687003992,0.6888409090909091,17984.54545454545,22
Ross,2024-08,0.6786706677783406,0.6864636363636364,18208.954545454537,22
Ross,2024-09,0.673106471683024,0.6888590909090909,20444.45,22
Ross,2024-10,0.6711775210333489,0.6879045454545455,20138.826086956527,22
South Hills Village,2019-01,0.8495437830536369,0.8513666666666667,23420.95454545454,3
South Hills Village,2019-02,0.8490128479079896,0.8504666666666667,24658.1,3
South Hills Village,2019-03,0.8552648189517333,0.8561666666666667,24897.33333333331,3
South Hills Village,2019-04,0.8331659063425789,0.8305333333333333,26236.81818181817,3
South Hills Village,2019-05,0.822602042191344,0.8223333333333334,26513.40909090906,3
South Hills Village,2019-06,0.8350634138679032,0.8313666666666667,26738.0,3
South Hills Village,2019-07,0.8578581102850682,0.8498666666666667,27256.6363636364,3
South Hills Village,2019-08,0.682284431107952,0.6759666666666666,24683.54545454544,3
South Hills Village,2019-09,0.9253734831077589,0.9237000000000001,27570.35,3
South Hills Village,2019-10,0.9266768590427876,0.9245333333333333,26637.13043478263,3
South Hills Village,2019-11,0.9156694881664551,0.9141666666666667,25784.75,3
South Hills Village,2019-12,0.9025343009973584,0.9002666666666667,23199.38095238095,3
South Hills Village,2020-01,0.8495657232739796,0.8473,24230.727272727272,3
South Hills Village,2020-02,0.9194611962277472,0.9183333333333333,24786.25,3
South Hills Village,2020-03,0.906434626456402,0.9052333333333333,16642.81818181818,3
South Hills Village,2020-04,0.8955075826029022,0.8965,2183.2272727272702,3
South Hills Village,2020-05,0.9193830369815487,0.9191333333333334,2536.4,3
South Hills Village,2020-06,0.9046238413823661,0.9049666666666667,4103.636363636368,3
South Hills Village,2020-07,0.8807472696370038,0.8766333333333334,3581.304347826091,3
South Hills Village,2020-08,0.8818270543301627,0.8781666666666667,4600.619047619047,3
South Hills Village,2020-09,0.8518993567552128,0.8474333333333334,4167.857142857135,3
South Hills Village,2020-10,0.8696511519004007,0.8734999999999999,4833.90909090909,3
South Hills Village,2020-11,0.9070287536822521,0.9039999999999999,4514.9,3
South Hills Village,2020-12,0.8963682762097955,0.8950999999999999,3876.4999999999964,3
South Hills Village,2021-01,0.9075395471107524,0.9094666666666668,4089.3,3
South Hills Village,2021-02,0.8890757535583865,0.8897666666666666,4148.65,3
South Hills Village,2021-03,0.8928831787107134,0.8935666666666666,4738.04347826087,3
South Hills Village,2021-04,0.875625966431296,0.8770000000000001,5207.77272727273,3
South Hills Village,2021-05,0.8157888683526698,0.8150666666666666,5464.6,3
South Hills Village,2021-06,0.8598000000000001,0.8598,2932.81818181818,1
South Hills Village,2021-07,0.8649123705388505,0.8608666666666668,6846.1428571428605,3
South Hills Village,2021-08,0.8119909367574102,0.8064,6541.90909090909,3
South Hills Village,2021-09,0.8679359543805885,0.8742000000000001,7365.28571428571,3
South Hills Village,2021-10,0.8710703881968643,0.8665333333333333,7420.1428571428605,3
South Hills Village,2021-11,0.8731424379723547,0.8710999999999999,7661.714285714281,3
South Hills Village,2021-12,0.8796731772935162,0.8798666666666666,6464.34782608695,3
South Hills Village,2022-01,0.8740042984322551,0.8731333333333334,6199.38095238095,3
South Hills Village,2022-02,0.7846756008844561,0.79,5223.55,3
South Hills Village,2022-03,0.7566997319631905,0.7600666666666666,5466.47826086957,3
South Hills Village,2022-04,0.7478787268221038,0.7413,6225.14285714285,3
South Hills Village,2022-05,0.7835144912197013,0.7868666666666666,6388.76190476191,3
South Hills Village,2022-06,0.8546065266765897,0.8582000000000001,7665.04545454545,3
South Hills Village,2022-07,0.8612523929266271,0.8637666666666667,9226.15,3
South Hills Village,2022-08,0.8635175941162642,0.8685999999999999,9062.5652173913,3
South Hills Village,2022-09,0.8434452893354667,0.8402,10326.61904761904,3
South Hills Village,2022-10,0.8647065307974752,0.8674333333333334,9233.90476190476,3
South Hills Village,2022-11,0.8892613048288466,0.8916666666666666,8651.38095238096,3
South Hills Village,2022-12,0.8750914219949443,0.8761000000000001,7839.81818181818,3
South Hills Village,2023-01,0.8766735438669874,0.8783,8258.95454545455,3
South Hills Village,2023-02,0.8859398126436911,0.8851,8742.7,3
South Hills Village,2023-03,0.8780220104563647,0.8774000000000001,11351.52173913043,3
South Hills Village,2023-04,0.8676621796210956,0.8685666666666666,12206.25,3
South Hills Village,2023-05,0.8778383414934982,0.8796666666666667,12087.54545454545,3
South Hills Village,2023-06,0.8170263384934027,0.8178000000000001,12728.86363636364,3
South Hills Village,2023-07,0.8680297870872308,0.8694333333333333,11593.95,3
South Hills Village,2023-08,0.8410288280969496,0.8412666666666667,11988.30434782609,3
South Hills Village,2023-09,0.8779414448255431,0.8868999999999999,12405.65,3
South Hills Village,2023-10,0.7176925511252298,0.7104666666666667,10531.18181818181,3
South Hills Village,2023-11,0.8004747997498871,0.7956333333333333,10433.38095238096,3
South Hills Village,2023-12,0.8671530607758043,0.8685666666666666,10461.4,3
South Hills Village,2024-01,0.8728303225747471,0.8711666666666668,9944.13636363636,3
South Hills Village,2024-02,0.8852349670231731,0.8868666666666667,10685.71428571429,3
South Hills Village,2024-03,0.8719434123690609,0.878,10419.238095238099,3
South Hills Village,2024-04,0.890495599277391,0.8918333333333334,10618.0909090909,3
South Hills Village,2024-05,0.6643059017242184,0.6629,10711.04545454545,3
South Hills Village,2024-06,0.732532231944298,0.7172333333333333,9960.150000000001,3
South Hills Village,2024-07,0.8657586378809554,0.8325999999999999,9436.5,3
South Hills Village,2024-08,0.9022071315049325,0.8793333333333333,9809.863636363636,3
South Hills Village,2024-09,0.8217394299911396,0.8133666666666667,11229.65,3
South Hills Village,2024-10,0.853306756279172,0.8535,10703.08695652174,3
West Mifflin,2019-01,0.6796733005856831,0.7032578947368421,44796.18181818182,19
West Mifflin,2019-02,0.6478604438868996,0.6786894736842105,50100.6,19
West Mifflin,2019-03,0.6660862337795508,0.6886947368421052,48296.61904761906,19
West Mifflin,2019-04,0.6327697973540146,0.6624473684210527,49818.18181818181,19
West Mifflin,2019-05,0.6366553369175187,0.6532842105263158,48098.500000000015,19
West Mifflin,2019-06,0.6082824671007885,0.6399842105263157,45578.6,19
West Mifflin,2019-07,0.6552114878753782,0.6946473684210526,45729.636363636375,19
West Mifflin,2019-08,0.650016967170124,0.681678947368421,47838.90909090909,19
West Mifflin,2019-09,0.6093236353222478,0.6361947368421053,54996.5,19
West Mifflin,2019-10,0.6499055476152923,0.6654842105263158,53752.82608695653,19
West Mifflin,2019-11,0.6531217227820717,0.6537684210526316,50038.25,19
West Mifflin,2019-12,0.6998397783130893,0.6968210526315789,44833.71428571429,19
West Mifflin,2020-01,0.6967034428998556,0.7086,48223.09090909092,19
West Mifflin,2020-02,0.6541488063420426,0.6712473684210526,50829.05,19
West Mifflin,2020-03,0.7494627262482564,0.7459210526315789,31542.181818181838,19
West Mifflin,2020-04,0.7603252339570106,0.7489526315789474,14561.727272727283,19
West Mifflin,2020-05,0.7378654376839066,0.7261578947368421,18147.8,19
West Mifflin,2020-06,0.7097287366780194,0.7011684210526316,20032.681818181816,19
West Mifflin,2020-07,0.7088914873825078,0.7104263157894737,17901.304347826102,19
West Mifflin,2020-08,0.7209008826155553,0.723378947368421,18079.38095238094,19
West Mifflin,2020-09,0.7236877601763309,0.7333157894736843,19400.761904761886,19
West Mifflin,2020-10,0.7145259062250515,0.7309842105263158,19414.954545454544,19
West Mifflin,2020-11,0.7455431062480439,0.75223125,16934.9,16
West Mifflin,2020-12,0.7308259519160885,0.7292947368421053,15947.500000000002,19
West Mifflin,2021-01,0.7518766375254323,0.7427736842105264,15728.0,19
West Mifflin,2021-02,0.7341311382969676,0.7364631578947369,17051.350000000002,19
West Mifflin,2021-03,0.7496146636566615,0.7562000000000001,19336.47826086956,19
West Mifflin,2021-04,0.7430855812470237,0.7518315789473684,21095.318181818184,19
West Mifflin,2021-05,0.7347757032852699,0.7399368421052631,20375.8,19
West Mifflin,2021-06,0.7119194911969452,0.7218789473684211,20522.31818181817,19
West Mifflin,2021-07,0.7194478732717201,0.7368368421052631,21377.571428571428,19
West Mifflin,2021-08,0.6926899536481895,0.7206105263157895,24525.86363636364,19
West Mifflin,2021-09,0.6538761306389768,0.6850052631578948,31817.238095238088,19
West Mifflin,2021-10,0.6648723420952944,0.699178947368421,31552.333333333325,19
West Mifflin,2021-11,0.7126111986149969,0.7286526315789473,29513.428571428565,19
West Mifflin,2021-12,0.7305665604481333,0.7292736842105264,25023.608695652183,19
West Mifflin,2022-01,0.7487234272192831,0.7321833333333333,22015.904761904756,18
West Mifflin,2022-02,0.6581584647122987,0.6868473684210527,29520.2,19
West Mifflin,2022-03,0.6297781163030732,0.6544473684210527,32182.782608695667,19
West Mifflin,2022-04,0.6164512281267713,0.6599315789473684,31588.952380952374,19
West Mifflin,2022-05,0.6683008904999166,0.6989368421052632,29111.523809523802,19
West Mifflin,2022-06,0.6547385661481545,0.683378947368421,28210.09090909091,19
West Mifflin,2022-07,0.6493971490448847,0.6705894736842105,28143.2,19
West Mifflin,2022-08,0.6257480371158356,0.6653947368421053,30428.826086956517,19
West Mifflin,2022-09,0.5055867949239771,0.5356052631578948,38140.09523809524,19
West Mifflin,2022-10,0.5879588302067474,0.6456000000000001,35405.52380952381,19
West Mifflin,2022-11,0.599020673807557,0.6509368421052631,33778.19047619047,19
West Mifflin,2022-12,0.6467297722284759,0.6850473684210526,28912.54545454546,19
West Mifflin,2023-01,0.6751441605693553,0.705978947368421,30707.772727272728,19
West Mifflin,2023-02,0.6177375943225702,0.6670421052631579,34853.8,19
West Mifflin,2023-03,0.6351316504808803,0.6695736842105263,33349.17391304347,19
West Mifflin,2023-04,0.6049727532121234,0.6464526315789474,35327.1,19
West Mifflin,2023-05,0.6129086177781781,0.6412842105263158,32301.090909090904,19
West Mifflin,2023-06,0.5972503762213661,0.6261736842105263,30228.818181818173,19
West Mifflin,2023-07,0.6105926881876228,0.626778947368421,30367.3,19
West Mifflin,2023-08,0.6000736282927299,0.6159842105263158,33335.95652173913,19
West Mifflin,2023-09,0.553248001719165,0.5813315789473684,40252.1,19
West Mifflin,2023-10,0.573342869086772,0.610521052631579,40992.45454545456,19
West Mifflin,2023-11,0.6156277030094383,0.656978947368421,37027.95238095238,19
West Mifflin,2023-12,0.6366761547987616,0.6718947368421052,32300.0,19
West Mifflin,2024-01,0.6228174629968577,0.6773210526315789,30347.545454545452,19
West Mifflin,2024-02,0.6236892507057129,0.6703052631578947,34986.57142857142,19
West Mifflin,2024-03,0.6393831486683662,0.6827105263157895,31885.285714285717,19
West Mifflin,2024-04,0.5910823802870603,0.6310105263157895,34094.818181818206,19
West Mifflin,2024-05,0.5911869297943643,0.6188368421052631,32349.772727272717,19
West Mifflin,2024-06,0.5947896968603392,0.6426368421052632,30203.899999999998,19
West Mifflin,2024-07,0.5971886525566598,0.6402473684210527,29901.409090909096,19
West Mifflin,2024-08,0.5758450120899639,0.6229315789473684,32671.72727272728,19
West Mifflin,2024-09,0.5695472181598198,0.610742105263158,38804.35,19
West Mifflin,2024-10,0.5632458870920052,0.5930052631578947,37496.478260869546,19
